model,img_size,fold,f1_macro,f1_weighted,accuracy,precision_macro,recall_macro,precision_per_class,recall_per_class,f1_per_class
mobilenetv2,192,1,0.6685505333683084,0.824708574809412,0.8149779735682819,0.6245700141098623,0.7389929565292541,"[0.6, 0.8387096774193549, 0.6, 0.9485294117647058, 0.23076923076923078, 0.5294117647058824]","[0.631578947368421, 0.896551724137931, 0.8571428571428571, 0.8486842105263158, 0.3, 0.9]","[0.6153846153846154, 0.8666666666666667, 0.7058823529411765, 0.8958333333333334, 0.2608695652173913, 0.6666666666666666]"
mobilenetv2,192,2,0.65547093662231,0.8264495229999598,0.8237885462555066,0.6851256980567325,0.6698361630303554,"[0.5151515151515151, 0.896551724137931, 0.5714285714285714, 0.9230769230769231, 0.75, 0.45454545454545453]","[0.8947368421052632, 0.896551724137931, 0.5714285714285714, 0.868421052631579, 0.3333333333333333, 0.45454545454545453]","[0.6538461538461539, 0.896551724137931, 0.5714285714285714, 0.8949152542372881, 0.46153846153846156, 0.45454545454545453]"
mobilenetv2,192,3,0.6330015395232786,0.805192146573447,0.7876106194690266,0.6019635920836439,0.6961043653194289,"[0.6521739130434783, 0.9615384615384616, 0.4444444444444444, 0.917910447761194, 0.2857142857142857, 0.35]","[0.7894736842105263, 0.8620689655172413, 0.5714285714285714, 0.8092105263157895, 0.4444444444444444, 0.7]","[0.7142857142857143, 0.9090909090909091, 0.5, 0.8601398601398601, 0.34782608695652173, 0.4666666666666667]"
mobilenetv2,192,4,0.7130357946147421,0.8738954261078155,0.8628318584070797,0.6802247554369796,0.7943539404065719,"[0.9, 0.9354838709677419, 0.4, 0.9774436090225563, 0.3684210526315789, 0.5]","[0.9473684210526315, 1.0, 0.2857142857142857, 0.8552631578947368, 0.7777777777777778, 0.9]","[0.9230769230769231, 0.9666666666666667, 0.3333333333333333, 0.9122807017543859, 0.5, 0.6428571428571429]"
mobilenetv2,192,5,0.672375426440467,0.8465767909972529,0.8407079646017699,0.6625755077998371,0.7372082166199814,"[0.6956521739130435, 0.9615384615384616, 0.375, 0.9432624113475178, 0.5, 0.5]","[0.8888888888888888, 0.8928571428571429, 0.75, 0.869281045751634, 0.2222222222222222, 0.8]","[0.7804878048780488, 0.9259259259259259, 0.5, 0.9047619047619048, 0.3076923076923077, 0.6153846153846154]"
mobilenetv2,192,6,0.6438229896357975,0.8239199580923937,0.8193832599118943,0.622220354250466,0.6752884366087634,"[0.6153846153846154, 0.8620689655172413, 0.3333333333333333, 0.9225352112676056, 0.5, 0.5]","[0.8421052631578947, 0.8620689655172413, 0.2857142857142857, 0.8618421052631579, 0.6, 0.6]","[0.7111111111111111, 0.8620689655172413, 0.3076923076923077, 0.891156462585034, 0.5454545454545454, 0.5454545454545454]"
mobilenetv2,192,7,0.7283933386874564,0.8652525025289991,0.8590308370044053,0.707133198106829,0.7665414297673826,"[0.8, 1.0, 0.6, 0.9310344827586207, 0.5, 0.4117647058823529]","[0.8421052631578947, 0.9310344827586207, 0.8571428571428571, 0.8881578947368421, 0.4444444444444444, 0.6363636363636364]","[0.8205128205128205, 0.9642857142857143, 0.7058823529411765, 0.9090909090909091, 0.47058823529411764, 0.5]"
mobilenetv2,192,8,0.5749535483404052,0.7931964512885467,0.7787610619469026,0.5653079668869142,0.6019798058364302,"[0.5789473684210527, 0.88, 0.2857142857142857, 0.9090909090909091, 0.16666666666666666, 0.5714285714285714]","[0.5789473684210527, 0.7586206896551724, 0.2857142857142857, 0.8552631578947368, 0.3333333333333333, 0.8]","[0.5789473684210527, 0.8148148148148148, 0.2857142857142857, 0.8813559322033898, 0.2222222222222222, 0.6666666666666666]"
mobilenetv2,192,9,0.7255352844345592,0.8801439591110978,0.8761061946902655,0.7302098915876005,0.7469159008632693,"[0.7894736842105263, 0.8529411764705882, 0.75, 0.965034965034965, 0.35714285714285715, 0.6666666666666666]","[0.7894736842105263, 1.0, 0.42857142857142855, 0.9078947368421053, 0.5555555555555556, 0.8]","[0.7894736842105263, 0.9206349206349206, 0.5454545454545454, 0.9355932203389831, 0.43478260869565216, 0.7272727272727273]"
mobilenetv2,192,10,0.674531653154797,0.826314035667917,0.8097345132743363,0.6344494047619048,0.774630407718643,"[0.625, 1.0, 0.42857142857142855, 0.953125, 0.35, 0.45]","[0.8333333333333334, 0.9642857142857143, 0.375, 0.7973856209150327, 0.7777777777777778, 0.9]","[0.7142857142857143, 0.9818181818181818, 0.4, 0.8683274021352313, 0.4827586206896552, 0.6]"
mobilenetv2,192,11,0.6214731223257474,0.8005674139183999,0.788546255506608,0.5954248366013072,0.6721696482585774,"[0.5, 0.8666666666666667, 0.5, 0.9264705882352942, 0.25, 0.5294117647058824]","[0.5789473684210527, 0.896551724137931, 0.42857142857142855, 0.8289473684210527, 0.4, 0.9]","[0.5365853658536586, 0.8813559322033898, 0.46153846153846156, 0.875, 0.3076923076923077, 0.6666666666666666]"
mobilenetv2,192,12,0.6778975744748427,0.8342232373461599,0.8281938325991189,0.6483128088716356,0.7401892488099384,"[0.631578947368421, 0.8709677419354839, 0.5384615384615384, 0.9361702127659575, 0.35714285714285715, 0.5555555555555556]","[0.631578947368421, 0.9310344827586207, 1.0, 0.868421052631579, 0.5555555555555556, 0.45454545454545453]","[0.631578947368421, 0.9, 0.7, 0.9010238907849829, 0.43478260869565216, 0.5]"
mobilenetv2,192,13,0.701950826950827,0.8382874500131137,0.8230088495575221,0.6719794594010472,0.7682569690509798,"[0.6956521739130435, 0.9259259259259259, 0.7142857142857143, 0.9477611940298507, 0.38461538461538464, 0.36363636363636365]","[0.8421052631578947, 0.8620689655172413, 0.7142857142857143, 0.8355263157894737, 0.5555555555555556, 0.8]","[0.7619047619047619, 0.8928571428571429, 0.7142857142857143, 0.8881118881118881, 0.45454545454545453, 0.5]"
mobilenetv2,192,14,0.6421952188171427,0.8386966987816307,0.8362831858407079,0.662134703196347,0.6746514274191225,"[0.68, 1.0, 0.5, 0.9178082191780822, 0.5, 0.375]","[0.8947368421052632, 0.8620689655172413, 0.14285714285714285, 0.881578947368421, 0.6666666666666666, 0.6]","[0.7727272727272727, 0.9259259259259259, 0.2222222222222222, 0.8993288590604027, 0.5714285714285714, 0.46153846153846156]"
mobilenetv2,192,15,0.6775018518873646,0.8530379316679068,0.8407079646017699,0.6465801477486232,0.7318199502023032,"[0.7894736842105263, 0.9310344827586207, 0.375, 0.9565217391304348, 0.29411764705882354, 0.5333333333333333]","[0.8333333333333334, 0.9642857142857143, 0.375, 0.8627450980392157, 0.5555555555555556, 0.8]","[0.8108108108108109, 0.9473684210526315, 0.375, 0.9072164948453608, 0.38461538461538464, 0.64]"
mobilenetv2,224,1,0.5926541159099299,0.8029066622092574,0.7929515418502202,0.5456558061821221,0.6928495808486734,"[0.5833333333333334, 0.8571428571428571, 0.42857142857142855, 0.9548872180451128, 0.0, 0.45]","[0.7368421052631579, 0.8275862068965517, 0.8571428571428571, 0.8355263157894737, 0.0, 0.9]","[0.6511627906976745, 0.8421052631578947, 0.5714285714285714, 0.8912280701754386, 0.0, 0.6]"
mobilenetv2,224,2,0.7476052682949236,0.8620677211289395,0.8546255506607929,0.708384974179577,0.8015848463897465,"[0.72, 0.9310344827586207, 0.75, 0.9492753623188406, 0.5, 0.4]","[0.9473684210526315, 0.9310344827586207, 0.8571428571428571, 0.8618421052631579, 0.6666666666666666, 0.5454545454545454]","[0.8181818181818182, 0.9310344827586207, 0.8, 0.903448275862069, 0.5714285714285714, 0.46153846153846156]"
mobilenetv2,224,3,0.6549413198721852,0.8266199644278439,0.8185840707964602,0.6310375354493001,0.7007792469679948,"[0.6470588235294118, 0.8928571428571429, 0.3333333333333333, 0.9230769230769231, 0.5454545454545454, 0.4444444444444444]","[0.5789473684210527, 0.8620689655172413, 0.42857142857142855, 0.868421052631579, 0.6666666666666666, 0.8]","[0.6111111111111112, 0.8771929824561403, 0.375, 0.8949152542372881, 0.6, 0.5714285714285714]"
mobilenetv2,224,4,0.6997522520325634,0.8568393679333072,0.8362831858407079,0.6637877672278262,0.8000138036662537,"[0.85, 0.9655172413793104, 0.42857142857142855, 0.984251968503937, 0.3333333333333333, 0.42105263157894735]","[0.8947368421052632, 0.9655172413793104, 0.42857142857142855, 0.8223684210526315, 0.8888888888888888, 0.8]","[0.8717948717948718, 0.9655172413793104, 0.42857142857142855, 0.8960573476702509, 0.48484848484848486, 0.5517241379310345]"
mobilenetv2,224,5,0.7104248366013072,0.87576931331452,0.8761061946902655,0.7071365590462416,0.7255174291938998,"[0.75, 0.9655172413793104, 0.625, 0.9403973509933775, 0.42857142857142855, 0.5333333333333333]","[0.6666666666666666, 1.0, 0.625, 0.9281045751633987, 0.3333333333333333, 0.8]","[0.7058823529411765, 0.9824561403508771, 0.625, 0.9342105263157895, 0.375, 0.64]"
mobilenetv2,224,6,0.7329058667207456,0.860497427388042,0.8502202643171806,0.6895069564433788,0.8024641344741164,"[0.6956521739130435, 0.9629629629629629, 0.5555555555555556, 0.9562043795620438, 0.5, 0.4666666666666667]","[0.8421052631578947, 0.896551724137931, 0.7142857142857143, 0.8618421052631579, 0.8, 0.7]","[0.7619047619047619, 0.9285714285714286, 0.625, 0.9065743944636678, 0.6153846153846154, 0.56]"
mobilenetv2,224,7,0.6964549117015034,0.8380593761431119,0.8237885462555066,0.6765333096854836,0.7367976389074394,"[0.7083333333333334, 0.9615384615384616, 0.7142857142857143, 0.9347826086956522, 0.45454545454545453, 0.2857142857142857]","[0.8947368421052632, 0.8620689655172413, 0.7142857142857143, 0.8486842105263158, 0.5555555555555556, 0.5454545454545454]","[0.7906976744186046, 0.9090909090909091, 0.7142857142857143, 0.8896551724137931, 0.5, 0.375]"
mobilenetv2,224,8,0.6436481086805528,0.8318530316858662,0.8230088495575221,0.6206369504323468,0.68820614755279,"[0.6086956521739131, 0.8928571428571429, 0.5, 0.9428571428571428, 0.25, 0.5294117647058824]","[0.7368421052631579, 0.8620689655172413, 0.42857142857142855, 0.868421052631579, 0.3333333333333333, 0.9]","[0.6666666666666666, 0.8771929824561403, 0.46153846153846156, 0.9041095890410958, 0.2857142857142857, 0.6666666666666666]"
mobilenetv2,224,9,0.6831814791547096,0.8512081230830728,0.8362831858407079,0.6674073475544063,0.7295980612450667,"[0.5769230769230769, 0.9642857142857143, 0.5, 0.9632352941176471, 0.3, 0.7]","[0.7894736842105263, 0.9310344827586207, 0.42857142857142855, 0.8618421052631579, 0.6666666666666666, 0.7]","[0.6666666666666666, 0.9473684210526315, 0.46153846153846156, 0.9097222222222222, 0.41379310344827586, 0.7]"
mobilenetv2,224,10,0.640823656569529,0.8253646370821307,0.8097345132743363,0.6273771724598931,0.7370915032679739,"[0.7058823529411765, 0.8484848484848485, 0.5, 0.9765625, 0.3333333333333333, 0.4]","[0.6666666666666666, 1.0, 0.25, 0.8169934640522876, 0.8888888888888888, 0.8]","[0.6857142857142857, 0.9180327868852459, 0.3333333333333333, 0.8896797153024911, 0.48484848484848486, 0.5333333333333333]"
mobilenetv2,224,11,0.6085769249329877,0.7962440313632447,0.775330396475771,0.5725446428571429,0.6874751534007433,"[0.5, 0.8928571428571429, 0.375, 0.953125, 0.3333333333333333, 0.38095238095238093]","[0.631578947368421, 0.8620689655172413, 0.42857142857142855, 0.8026315789473685, 0.6, 0.8]","[0.5581395348837209, 0.8771929824561403, 0.4, 0.8714285714285714, 0.42857142857142855, 0.5161290322580645]"
mobilenetv2,224,12,0.7110339179262738,0.8736767702738185,0.8722466960352423,0.6976418951418951,0.7370579989681624,"[0.7777777777777778, 0.9642857142857143, 0.5454545454545454, 0.94, 0.375, 0.5833333333333334]","[0.7368421052631579, 0.9310344827586207, 0.8571428571428571, 0.9276315789473685, 0.3333333333333333, 0.6363636363636364]","[0.7567567567567568, 0.9473684210526315, 0.6666666666666666, 0.9337748344370861, 0.35294117647058826, 0.6086956521739131]"
mobilenetv2,224,13,0.733739364957451,0.8661186332053243,0.8584070796460177,0.7042618068900923,0.7845092856662729,"[0.6666666666666666, 0.9230769230769231, 0.5714285714285714, 0.9574468085106383, 0.6363636363636364, 0.47058823529411764]","[0.8421052631578947, 0.8275862068965517, 0.5714285714285714, 0.8881578947368421, 0.7777777777777778, 0.8]","[0.7441860465116279, 0.8727272727272727, 0.5714285714285714, 0.9215017064846417, 0.7, 0.5925925925925926]"
mobilenetv2,224,14,0.7401387990861675,0.8745714321680786,0.8672566371681416,0.7496829958036854,0.7681945524731368,"[0.9444444444444444, 0.9642857142857143, 0.75, 0.9310344827586207, 0.375, 0.5333333333333333]","[0.8947368421052632, 0.9310344827586207, 0.42857142857142855, 0.8881578947368421, 0.6666666666666666, 0.8]","[0.918918918918919, 0.9473684210526315, 0.5454545454545454, 0.9090909090909091, 0.48, 0.64]"
mobilenetv2,224,15,0.6932202745351534,0.8557774727532802,0.8451327433628318,0.6492820482424945,0.7622782446311859,"[0.8095238095238095, 0.896551724137931, 0.36363636363636365, 0.9632352941176471, 0.3333333333333333, 0.5294117647058824]","[0.9444444444444444, 0.9285714285714286, 0.5, 0.8562091503267973, 0.4444444444444444, 0.9]","[0.8717948717948718, 0.9122807017543859, 0.42105263157894735, 0.9065743944636678, 0.38095238095238093, 0.6666666666666666]"
efficientnetb0,192,1,0.690705827746848,0.8413898173661511,0.8237885462555066,0.6453877853368947,0.7712330394952901,"[0.5185185185185185, 0.8888888888888888, 0.45454545454545453, 0.9847328244274809, 0.3333333333333333, 0.6923076923076923]","[0.7368421052631579, 0.8275862068965517, 0.7142857142857143, 0.8486842105263158, 0.6, 0.9]","[0.6086956521739131, 0.8571428571428571, 0.5555555555555556, 0.911660777385159, 0.42857142857142855, 0.782608695652174]"
efficientnetb0,192,2,0.629711962755441,0.8017822637895421,0.7797356828193832,0.5879908226919613,0.7205417213357322,"[0.5151515151515151, 0.9615384615384616, 0.36363636363636365, 0.9596774193548387, 0.375, 0.35294117647058826]","[0.8947368421052632, 0.8620689655172413, 0.5714285714285714, 0.7828947368421053, 0.6666666666666666, 0.5454545454545454]","[0.6538461538461539, 0.9090909090909091, 0.4444444444444444, 0.8623188405797102, 0.48, 0.42857142857142855]"
efficientnetb0,192,3,0.6049324302697024,0.8110318722360129,0.8053097345132744,0.5889673979600762,0.635842719826386,"[0.5, 0.896551724137931, 0.4, 0.9178082191780822, 0.4444444444444444, 0.375]","[0.42105263157894735, 0.896551724137931, 0.5714285714285714, 0.881578947368421, 0.4444444444444444, 0.6]","[0.45714285714285713, 0.896551724137931, 0.47058823529411764, 0.8993288590604027, 0.4444444444444444, 0.46153846153846156]"
efficientnetb0,192,4,0.737929981089112,0.865820218902007,0.8495575221238938,0.677910052910053,0.8594295844976426,"[0.6785714285714286, 1.0, 0.5, 1.0, 0.4444444444444444, 0.4444444444444444]","[1.0, 0.9310344827586207, 0.7142857142857143, 0.8223684210526315, 0.8888888888888888, 0.8]","[0.8085106382978723, 0.9642857142857143, 0.5882352941176471, 0.9025270758122743, 0.5925925925925926, 0.5714285714285714]"
efficientnetb0,192,5,0.7174239677999076,0.8661297388491479,0.8584070796460177,0.6814932933614634,0.7698101462807344,"[0.7368421052631579, 0.9310344827586207, 0.6, 0.9574468085106383, 0.36363636363636365, 0.5]","[0.7777777777777778, 0.9642857142857143, 0.75, 0.8823529411764706, 0.4444444444444444, 0.8]","[0.7567567567567568, 0.9473684210526315, 0.6666666666666666, 0.9183673469387755, 0.4, 0.6153846153846154]"
efficientnetb0,192,6,0.6815196062587404,0.83963913919613,0.8281938325991189,0.655295041145537,0.7368593898539452,"[0.6956521739130435, 0.9333333333333333, 0.6666666666666666, 0.9481481481481482, 0.47368421052631576, 0.21428571428571427]","[0.8421052631578947, 0.9655172413793104, 0.5714285714285714, 0.8421052631578947, 0.9, 0.3]","[0.7619047619047619, 0.9491525423728814, 0.6153846153846154, 0.89198606271777, 0.6206896551724138, 0.25]"
efficientnetb0,192,7,0.6588052191053116,0.8030298962380238,0.775330396475771,0.6216168661464456,0.7730829490130761,"[0.5357142857142857, 0.9545454545454546, 0.6, 0.9754098360655737, 0.2727272727272727, 0.391304347826087]","[0.7894736842105263, 0.7241379310344828, 0.8571428571428571, 0.7828947368421053, 0.6666666666666666, 0.8181818181818182]","[0.6382978723404256, 0.8235294117647058, 0.7058823529411765, 0.8686131386861314, 0.3870967741935484, 0.5294117647058824]"
efficientnetb0,192,8,0.6212918660287081,0.819616872027212,0.8008849557522124,0.5865071770334929,0.6796988880246593,"[0.52, 0.9285714285714286, 0.2727272727272727, 0.9548872180451128, 0.2, 0.6428571428571429]","[0.6842105263157895, 0.896551724137931, 0.42857142857142855, 0.8355263157894737, 0.3333333333333333, 0.9]","[0.5909090909090909, 0.9122807017543859, 0.3333333333333333, 0.8912280701754386, 0.25, 0.75]"
efficientnetb0,192,9,0.7174830198537095,0.8590082238312327,0.8495575221238938,0.6766090653768139,0.7806980333976704,"[0.6153846153846154, 0.9310344827586207, 0.5, 0.9632352941176471, 0.4666666666666667, 0.5833333333333334]","[0.8421052631578947, 0.9310344827586207, 0.5714285714285714, 0.8618421052631579, 0.7777777777777778, 0.7]","[0.7111111111111111, 0.9310344827586207, 0.5333333333333333, 0.9097222222222222, 0.5833333333333334, 0.6363636363636364]"
efficientnetb0,192,10,0.6806162609522654,0.8259878939931818,0.8141592920353983,0.6394024276377218,0.7539176781823841,"[0.5, 0.9285714285714286, 0.5555555555555556, 0.9411764705882353, 0.4666666666666667, 0.4444444444444444]","[0.5555555555555556, 0.9285714285714286, 0.625, 0.8366013071895425, 0.7777777777777778, 0.8]","[0.5263157894736842, 0.9285714285714286, 0.5882352941176471, 0.8858131487889274, 0.5833333333333334, 0.5714285714285714]"
efficientnetb0,192,11,0.6549050608449835,0.8214229778311327,0.8061674008810573,0.6177346999405823,0.7233806499006136,"[0.5416666666666666, 0.92, 0.45454545454545453, 0.9485294117647058, 0.375, 0.4666666666666667]","[0.6842105263157895, 0.7931034482758621, 0.7142857142857143, 0.8486842105263158, 0.6, 0.7]","[0.6046511627906976, 0.8518518518518519, 0.5555555555555556, 0.8958333333333334, 0.46153846153846156, 0.56]"
efficientnetb0,192,12,0.6313304844265171,0.799276508318861,0.775330396475771,0.580908129793836,0.7684089075876734,"[0.6086956521739131, 0.9032258064516129, 0.3181818181818182, 0.9745762711864406, 0.23076923076923078, 0.45]","[0.7368421052631579, 0.9655172413793104, 1.0, 0.756578947368421, 0.3333333333333333, 0.8181818181818182]","[0.6666666666666666, 0.9333333333333333, 0.4827586206896552, 0.8518518518518519, 0.2727272727272727, 0.5806451612903226]"
efficientnetb0,192,13,0.7098241715030036,0.8230550356704998,0.8008849557522124,0.6609800687905077,0.8203316000729793,"[0.5517241379310345, 0.9259259259259259, 0.6666666666666666, 0.9754098360655737, 0.5384615384615384, 0.3076923076923077]","[0.8421052631578947, 0.8620689655172413, 0.8571428571428571, 0.7828947368421053, 0.7777777777777778, 0.8]","[0.6666666666666666, 0.8928571428571429, 0.75, 0.8686131386861314, 0.6363636363636364, 0.4444444444444444]"
efficientnetb0,192,14,0.7264054802843555,0.8756510055376265,0.8672566371681416,0.6961050724637681,0.7771892614678458,"[0.7391304347826086, 0.9642857142857143, 0.5714285714285714, 0.9642857142857143, 0.4375, 0.5]","[0.8947368421052632, 0.9310344827586207, 0.5714285714285714, 0.8881578947368421, 0.7777777777777778, 0.6]","[0.8095238095238095, 0.9473684210526315, 0.5714285714285714, 0.9246575342465754, 0.56, 0.5454545454545454]"
efficientnetb0,192,15,0.7307286445303828,0.8699085912448394,0.8584070796460177,0.7035655929038281,0.8074463118580767,"[0.65, 0.9642857142857143, 0.6666666666666666, 0.9779411764705882, 0.4, 0.5625]","[0.7222222222222222, 0.9642857142857143, 0.5, 0.869281045751634, 0.8888888888888888, 0.9]","[0.6842105263157895, 0.9642857142857143, 0.5714285714285714, 0.9204152249134948, 0.5517241379310345, 0.6923076923076923]"
efficientnetb0,224,1,0.6973187205301389,0.8405680444671748,0.8281938325991189,0.6455395735716102,0.781098219687149,"[0.5652173913043478, 0.8666666666666667, 0.5, 0.9699248120300752, 0.4, 0.5714285714285714]","[0.6842105263157895, 0.896551724137931, 0.8571428571428571, 0.8486842105263158, 0.6, 0.8]","[0.6190476190476191, 0.8813559322033898, 0.631578947368421, 0.9052631578947369, 0.48, 0.6666666666666666]"
efficientnetb0,224,2,0.6678816006772995,0.8194363886420161,0.801762114537445,0.6245212555208502,0.7575012286899764,"[0.53125, 0.9615384615384616, 0.4444444444444444, 0.9606299212598425, 0.4117647058823529, 0.4375]","[0.8947368421052632, 0.8620689655172413, 0.5714285714285714, 0.8026315789473685, 0.7777777777777778, 0.6363636363636364]","[0.6666666666666666, 0.9090909090909091, 0.5, 0.8745519713261649, 0.5384615384615384, 0.5185185185185185]"
efficientnetb0,224,3,0.6851546346676622,0.8386491810505545,0.827433628318584,0.6595086847746422,0.73075696905098,"[0.5909090909090909, 0.9615384615384616, 0.625, 0.9361702127659575, 0.45454545454545453, 0.3888888888888889]","[0.6842105263157895, 0.8620689655172413, 0.7142857142857143, 0.868421052631579, 0.5555555555555556, 0.7]","[0.6341463414634146, 0.9090909090909091, 0.6666666666666666, 0.9010238907849829, 0.5, 0.5]"
efficientnetb0,224,4,0.740839903521063,0.863405584269378,0.8407079646017699,0.7020943762120232,0.849561163445011,"[0.72, 1.0, 0.7142857142857143, 1.0, 0.3076923076923077, 0.47058823529411764]","[0.9473684210526315, 0.9310344827586207, 0.7142857142857143, 0.8157894736842105, 0.8888888888888888, 0.8]","[0.8181818181818182, 0.9642857142857143, 0.7142857142857143, 0.8985507246376812, 0.45714285714285713, 0.5925925925925926]"
efficientnetb0,224,5,0.7187373737373738,0.8619267900241351,0.8495575221238938,0.6691832858499525,0.7980897914721444,"[0.5833333333333334, 0.9629629629629629, 0.5833333333333334, 0.9777777777777777, 0.3076923076923077, 0.6]","[0.7777777777777778, 0.9285714285714286, 0.875, 0.8627450980392157, 0.4444444444444444, 0.9]","[0.6666666666666666, 0.9454545454545454, 0.7, 0.9166666666666666, 0.36363636363636365, 0.72]"
efficientnetb0,224,6,0.6914233140860678,0.836629248533785,0.8237885462555066,0.6585166971140254,0.7590085126609627,"[0.6538461538461539, 0.9333333333333333, 0.6666666666666666, 0.9541984732824428, 0.5555555555555556, 0.1875]","[0.8947368421052632, 0.9655172413793104, 0.5714285714285714, 0.8223684210526315, 1.0, 0.3]","[0.7555555555555555, 0.9491525423728814, 0.6153846153846154, 0.8833922261484098, 0.7142857142857143, 0.23076923076923078]"
efficientnetb0,224,7,0.722260049891629,0.8498511033753325,0.8325991189427313,0.6837738714673699,0.8059398758128341,"[0.75, 0.9615384615384616, 0.6666666666666666, 0.9624060150375939, 0.35294117647058826, 0.4090909090909091]","[0.7894736842105263, 0.8620689655172413, 0.8571428571428571, 0.8421052631578947, 0.6666666666666666, 0.8181818181818182]","[0.7692307692307693, 0.9090909090909091, 0.75, 0.8982456140350877, 0.46153846153846156, 0.5454545454545454]"
efficientnetb0,224,8,0.6568906321031062,0.8387067117394177,0.8230088495575221,0.6180471933345496,0.7222916006491324,"[0.5714285714285714, 0.9310344827586207, 0.3333333333333333, 0.9629629629629629, 0.26666666666666666, 0.6428571428571429]","[0.631578947368421, 0.9310344827586207, 0.5714285714285714, 0.8552631578947368, 0.4444444444444444, 0.9]","[0.6, 0.9310344827586207, 0.42105263157894735, 0.9059233449477352, 0.3333333333333333, 0.75]"
efficientnetb0,224,9,0.7369197645942497,0.8687166664880765,0.8584070796460177,0.7091049382716049,0.7952170896590135,"[0.6296296296296297, 1.0, 0.6666666666666666, 0.9632352941176471, 0.4117647058823529, 0.5833333333333334]","[0.8947368421052632, 0.9655172413793104, 0.5714285714285714, 0.8618421052631579, 0.7777777777777778, 0.7]","[0.7391304347826086, 0.9824561403508771, 0.6153846153846154, 0.9097222222222222, 0.5384615384615384, 0.6363636363636364]"
efficientnetb0,224,10,0.7204764385313119,0.8464364821016066,0.8362831858407079,0.6784419444251796,0.7921413009648304,"[0.5789473684210527, 0.9310344827586207, 0.6666666666666666, 0.948905109489051, 0.4117647058823529, 0.5333333333333333]","[0.6111111111111112, 0.9642857142857143, 0.75, 0.8496732026143791, 0.7777777777777778, 0.8]","[0.5945945945945946, 0.9473684210526315, 0.7058823529411765, 0.896551724137931, 0.5384615384615384, 0.64]"
efficientnetb0,224,11,0.658705925519651,0.8257949828045709,0.8105726872246696,0.6222303921568627,0.7244771411286838,"[0.52, 0.92, 0.5, 0.9558823529411765, 0.4, 0.4375]","[0.6842105263157895, 0.7931034482758621, 0.7142857142857143, 0.8552631578947368, 0.6, 0.7]","[0.5909090909090909, 0.8518518518518519, 0.5882352941176471, 0.9027777777777778, 0.48, 0.5384615384615384]"
efficientnetb0,224,12,0.711339309248081,0.8642869302038175,0.8546255506607929,0.67260101010101,0.7940922381711856,"[0.7272727272727273, 0.9666666666666667, 0.4117647058823529, 0.9632352941176471, 0.3, 0.6666666666666666]","[0.8421052631578947, 1.0, 1.0, 0.8618421052631579, 0.3333333333333333, 0.7272727272727273]","[0.7804878048780488, 0.9830508474576272, 0.5833333333333334, 0.9097222222222222, 0.3157894736842105, 0.6956521739130435]"
efficientnetb0,224,13,0.7500158954776205,0.8560596335352105,0.8407079646017699,0.7101331450568091,0.8441443647432759,"[0.5666666666666667, 1.0, 0.75, 0.9770992366412213, 0.5384615384615384, 0.42857142857142855]","[0.8947368421052632, 0.7931034482758621, 0.8571428571428571, 0.8421052631578947, 0.7777777777777778, 0.9]","[0.6938775510204082, 0.8846153846153846, 0.8, 0.9045936395759717, 0.6363636363636364, 0.5806451612903226]"
efficientnetb0,224,14,0.7171138359285587,0.8738486024374819,0.8672566371681416,0.6918244798679581,0.7520917955809062,"[0.6956521739130435, 0.9642857142857143, 0.5714285714285714, 0.958041958041958, 0.5, 0.46153846153846156]","[0.8421052631578947, 0.9310344827586207, 0.5714285714285714, 0.9013157894736842, 0.6666666666666666, 0.6]","[0.7619047619047619, 0.9473684210526315, 0.5714285714285714, 0.9288135593220339, 0.5714285714285714, 0.5217391304347826]"
efficientnetb0,224,15,0.7110398114438375,0.8528077729789533,0.8407079646017699,0.6738874923188649,0.7757041705571117,"[0.56, 0.9629629629629629, 0.625, 0.9632352941176471, 0.46153846153846156, 0.47058823529411764]","[0.7777777777777778, 0.9285714285714286, 0.625, 0.8562091503267973, 0.6666666666666666, 0.8]","[0.6511627906976745, 0.9454545454545454, 0.625, 0.9065743944636678, 0.5454545454545454, 0.5925925925925926]"
mobilenetv3large,192,1,0.6612611954447835,0.8473358195675763,0.8281938325991189,0.6217553280053281,0.7382583614207934,"[0.5625, 0.9615384615384616, 0.36363636363636365, 1.0, 0.2, 0.6428571428571429]","[0.9473684210526315, 0.8620689655172413, 0.5714285714285714, 0.8486842105263158, 0.3, 0.9]","[0.7058823529411765, 0.9090909090909091, 0.4444444444444444, 0.9181494661921709, 0.24, 0.75]"
mobilenetv3large,192,2,0.7149441786283891,0.8375250300360433,0.8237885462555066,0.6790544910663755,0.7815833339880527,"[0.5483870967741935, 1.0, 0.75, 0.9473684210526315, 0.4, 0.42857142857142855]","[0.8947368421052632, 0.896551724137931, 0.8571428571428571, 0.8289473684210527, 0.6666666666666666, 0.5454545454545454]","[0.68, 0.9454545454545454, 0.8, 0.8842105263157894, 0.5, 0.48]"
mobilenetv3large,192,3,0.6311368952586563,0.8299625486527554,0.827433628318584,0.6493475018642804,0.6511590278377938,"[0.9, 0.875, 0.375, 0.912751677852349, 0.4444444444444444, 0.3888888888888889]","[0.47368421052631576, 0.9655172413793104, 0.42857142857142855, 0.8947368421052632, 0.4444444444444444, 0.7]","[0.6206896551724138, 0.9180327868852459, 0.4, 0.9036544850498339, 0.4444444444444444, 0.5]"
mobilenetv3large,192,4,0.7005872737370932,0.8567974985569472,0.8362831858407079,0.6540846134152586,0.8028125870231134,"[0.8095238095238095, 0.9354838709677419, 0.3333333333333333, 0.992, 0.2916666666666667, 0.5625]","[0.8947368421052632, 1.0, 0.42857142857142855, 0.8157894736842105, 0.7777777777777778, 0.9]","[0.85, 0.9666666666666667, 0.375, 0.8953068592057761, 0.42424242424242425, 0.6923076923076923]"
mobilenetv3large,192,5,0.6871365843015328,0.8606351033228143,0.8451327433628318,0.6582295599399179,0.7426314970432618,"[0.8235294117647058, 0.9642857142857143, 0.4, 0.9637681159420289, 0.23529411764705882, 0.5625]","[0.7777777777777778, 0.9642857142857143, 0.5, 0.869281045751634, 0.4444444444444444, 0.9]","[0.8, 0.9642857142857143, 0.4444444444444444, 0.9140893470790378, 0.3076923076923077, 0.6923076923076923]"
mobilenetv3large,192,6,0.7034959637582111,0.8546275977818341,0.8414096916299559,0.7339403779601336,0.7439255466251836,"[0.6956521739130435, 0.9642857142857143, 1.0, 0.9562043795620438, 0.35, 0.4375]","[0.8421052631578947, 0.9310344827586207, 0.42857142857142855, 0.8618421052631579, 0.7, 0.7]","[0.7619047619047619, 0.9473684210526315, 0.6, 0.9065743944636678, 0.4666666666666667, 0.5384615384615384]"
mobilenetv3large,192,7,0.7208282129803014,0.8534908112954457,0.8325991189427313,0.682998741138276,0.8178206313415025,"[0.9444444444444444, 1.0, 0.46153846153846156, 0.9612403100775194, 0.38461538461538464, 0.34615384615384615]","[0.8947368421052632, 0.9655172413793104, 0.8571428571428571, 0.8157894736842105, 0.5555555555555556, 0.8181818181818182]","[0.918918918918919, 0.9824561403508771, 0.6, 0.8825622775800712, 0.45454545454545453, 0.4864864864864865]"
mobilenetv3large,192,8,0.6757062233234209,0.8336277108896317,0.8185840707964602,0.6411425977989446,0.7420630119359702,"[0.6818181818181818, 0.9615384615384616, 0.5555555555555556, 0.9411764705882353, 0.2857142857142857, 0.42105263157894735]","[0.7894736842105263, 0.8620689655172413, 0.7142857142857143, 0.8421052631578947, 0.4444444444444444, 0.8]","[0.7317073170731707, 0.9090909090909091, 0.625, 0.8888888888888888, 0.34782608695652173, 0.5517241379310345]"
mobilenetv3large,192,9,0.7919938915127798,0.9025486402890386,0.8982300884955752,0.7678754148824573,0.8280178415387126,"[0.7142857142857143, 0.875, 0.8333333333333334, 0.9859154929577465, 0.5833333333333334, 0.6153846153846154]","[0.7894736842105263, 0.9655172413793104, 0.7142857142857143, 0.9210526315789473, 0.7777777777777778, 0.8]","[0.75, 0.9180327868852459, 0.7692307692307693, 0.9523809523809523, 0.6666666666666666, 0.6956521739130435]"
mobilenetv3large,192,10,0.7154760123219938,0.8529335452413739,0.8362831858407079,0.6663623011449098,0.811025521319639,"[0.5217391304347826, 0.9285714285714286, 0.6666666666666666, 0.9923076923076923, 0.3888888888888889, 0.5]","[0.6666666666666666, 0.9285714285714286, 0.75, 0.8431372549019608, 0.7777777777777778, 0.9]","[0.5853658536585366, 0.9285714285714286, 0.7058823529411765, 0.911660777385159, 0.5185185185185185, 0.6428571428571429]"
mobilenetv3large,192,11,0.6992922374359605,0.8472651629963364,0.8325991189427313,0.651497113997114,0.7794831907354594,"[0.6, 0.9642857142857143, 0.5, 0.9696969696969697, 0.375, 0.5]","[0.7894736842105263, 0.9310344827586207, 0.7142857142857143, 0.8421052631578947, 0.6, 0.8]","[0.6818181818181818, 0.9473684210526315, 0.5882352941176471, 0.9014084507042254, 0.46153846153846156, 0.6153846153846154]"
mobilenetv3large,192,12,0.763605131863446,0.8865877371643922,0.8810572687224669,0.7260504201680673,0.8241428196056145,"[0.75, 0.9642857142857143, 0.7, 0.9714285714285714, 0.5, 0.47058823529411764]","[0.9473684210526315, 0.9310344827586207, 1.0, 0.8947368421052632, 0.4444444444444444, 0.7272727272727273]","[0.8372093023255814, 0.9473684210526315, 0.8235294117647058, 0.9315068493150684, 0.47058823529411764, 0.5714285714285714]"
mobilenetv3large,192,13,0.6811960626198669,0.8393449338944334,0.827433628318584,0.6575556086425652,0.7387699372953457,"[0.6086956521739131, 0.9230769230769231, 0.5, 0.9492753623188406, 0.5833333333333334, 0.38095238095238093]","[0.7368421052631579, 0.8275862068965517, 0.42857142857142855, 0.8618421052631579, 0.7777777777777778, 0.8]","[0.6666666666666666, 0.8727272727272727, 0.46153846153846156, 0.903448275862069, 0.6666666666666666, 0.5161290322580645]"
mobilenetv3large,192,14,0.683174430987453,0.863164345498574,0.8495575221238938,0.6487836624598764,0.7379592419746683,"[0.7391304347826086, 0.9642857142857143, 0.4444444444444444, 0.9708029197080292, 0.3125, 0.46153846153846156]","[0.8947368421052632, 0.9310344827586207, 0.5714285714285714, 0.875, 0.5555555555555556, 0.6]","[0.8095238095238095, 0.9473684210526315, 0.5, 0.9204152249134948, 0.4, 0.5217391304347826]"
mobilenetv3large,192,15,0.8041843256734298,0.9084496687348688,0.9026548672566372,0.762631659143428,0.8639161220043574,"[0.8823529411764706, 0.9032258064516129, 0.7, 0.9858156028368794, 0.46153846153846156, 0.6428571428571429]","[0.8333333333333334, 1.0, 0.875, 0.9084967320261438, 0.6666666666666666, 0.9]","[0.8571428571428571, 0.9491525423728814, 0.7777777777777778, 0.9455782312925171, 0.5454545454545454, 0.75]"
mobilenetv3large,224,1,0.7557399215261985,0.8774429587310809,0.8678414096916299,0.7380941921239975,0.8073826808400312,"[0.6071428571428571, 0.9629629629629629, 0.8, 0.9781021897810219, 0.4375, 0.6428571428571429]","[0.8947368421052632, 0.896551724137931, 0.5714285714285714, 0.881578947368421, 0.7, 0.9]","[0.723404255319149, 0.9285714285714286, 0.6666666666666666, 0.9273356401384083, 0.5384615384615384, 0.75]"
mobilenetv3large,224,2,0.7161584560224528,0.8553332634231299,0.8458149779735683,0.6943597465336596,0.7592568040617044,"[0.6, 1.0, 0.7142857142857143, 0.9492753623188406, 0.35714285714285715, 0.5454545454545454]","[0.9473684210526315, 0.9310344827586207, 0.7142857142857143, 0.8618421052631579, 0.5555555555555556, 0.5454545454545454]","[0.7346938775510204, 0.9642857142857143, 0.7142857142857143, 0.903448275862069, 0.43478260869565216, 0.5454545454545454]"
mobilenetv3large,224,3,0.6800499094419349,0.8525007443263455,0.8495575221238938,0.6624838966862829,0.720662527967428,"[0.7142857142857143, 0.8709677419354839, 0.5, 0.9452054794520548, 0.4444444444444444, 0.5]","[0.5263157894736842, 0.9310344827586207, 0.7142857142857143, 0.9078947368421053, 0.4444444444444444, 0.8]","[0.6060606060606061, 0.9, 0.5882352941176471, 0.9261744966442953, 0.4444444444444444, 0.6153846153846154]"
mobilenetv3large,224,4,0.711768844697256,0.857761776829917,0.8407079646017699,0.6601964981899192,0.8189466722361459,"[0.8, 0.90625, 0.4444444444444444, 0.9920634920634921, 0.3684210526315789, 0.45]","[0.8421052631578947, 1.0, 0.5714285714285714, 0.8223684210526315, 0.7777777777777778, 0.9]","[0.8205128205128205, 0.9508196721311475, 0.5, 0.8992805755395683, 0.5, 0.6]"
mobilenetv3large,224,5,0.6976209769524674,0.8729999696500528,0.8672566371681416,0.6971186599021589,0.7062091503267972,"[0.875, 0.9655172413793104, 0.5714285714285714, 0.9395973154362416, 0.2857142857142857, 0.5454545454545454]","[0.7777777777777778, 1.0, 0.5, 0.9150326797385621, 0.4444444444444444, 0.6]","[0.8235294117647058, 0.9824561403508771, 0.5333333333333333, 0.9271523178807947, 0.34782608695652173, 0.5714285714285714]"
mobilenetv3large,224,6,0.6800313458870081,0.8419955359595366,0.8281938325991189,0.6837111966054848,0.7280907008901565,"[0.7083333333333334, 0.9629629629629629, 0.75, 0.9485294117647058, 0.34782608695652173, 0.38461538461538464]","[0.8947368421052632, 0.896551724137931, 0.42857142857142855, 0.8486842105263158, 0.8, 0.5]","[0.7906976744186046, 0.9285714285714286, 0.5454545454545454, 0.8958333333333334, 0.48484848484848486, 0.43478260869565216]"
mobilenetv3large,224,7,0.75658254173845,0.8923787090975103,0.8810572687224669,0.7234689441429313,0.814844440865312,"[0.9473684210526315, 1.0, 0.5555555555555556, 0.9712230215827338, 0.4166666666666667, 0.45]","[0.9473684210526315, 0.9655172413793104, 0.7142857142857143, 0.8881578947368421, 0.5555555555555556, 0.8181818181818182]","[0.9473684210526315, 0.9824561403508771, 0.625, 0.9278350515463918, 0.47619047619047616, 0.5806451612903226]"
mobilenetv3large,224,8,0.7031019099127912,0.8641764239489134,0.8539823008849557,0.6689693941466991,0.7554855769692429,"[0.7142857142857143, 0.9629629629629629, 0.5, 0.9574468085106383, 0.3076923076923077, 0.5714285714285714]","[0.7894736842105263, 0.896551724137931, 0.7142857142857143, 0.8881578947368421, 0.4444444444444444, 0.8]","[0.75, 0.9285714285714286, 0.5882352941176471, 0.9215017064846417, 0.36363636363636365, 0.6666666666666666]"
mobilenetv3large,224,9,0.7930725619832106,0.9170401404411002,0.915929203539823,0.7809782260069119,0.8073063405640538,"[0.7777777777777778, 0.9032258064516129, 0.625, 0.9798657718120806, 0.6, 0.8]","[0.7368421052631579, 0.9655172413793104, 0.7142857142857143, 0.9605263157894737, 0.6666666666666666, 0.8]","[0.7567567567567568, 0.9333333333333333, 0.6666666666666666, 0.9700996677740864, 0.631578947368421, 0.8]"
mobilenetv3large,224,10,0.7745685156166986,0.8872836675894121,0.8761061946902655,0.7243703238299224,0.8573801742919391,"[0.6818181818181818, 0.9655172413793104, 0.7777777777777778, 0.9925373134328358, 0.42857142857142855, 0.5]","[0.8333333333333334, 1.0, 0.875, 0.869281045751634, 0.6666666666666666, 0.9]","[0.75, 0.9824561403508771, 0.8235294117647058, 0.926829268292683, 0.5217391304347826, 0.6428571428571429]"
mobilenetv3large,224,11,0.6571602633419287,0.8387961560304957,0.8237885462555066,0.6208009210882773,0.7157613862241811,"[0.6363636363636364, 0.9310344827586207, 0.4444444444444444, 0.9629629629629629, 0.375, 0.375]","[0.7368421052631579, 0.9310344827586207, 0.5714285714285714, 0.8552631578947368, 0.6, 0.6]","[0.6829268292682927, 0.9310344827586207, 0.5, 0.9059233449477352, 0.46153846153846156, 0.46153846153846156]"
mobilenetv3large,224,12,0.728818654084337,0.8670480353406523,0.8590308370044053,0.6870292561469032,0.7959473308838101,"[0.6428571428571429, 0.9642857142857143, 0.6, 0.9705882352941176, 0.4444444444444444, 0.5]","[0.9473684210526315, 0.9310344827586207, 0.8571428571428571, 0.868421052631579, 0.4444444444444444, 0.7272727272727273]","[0.7659574468085106, 0.9473684210526315, 0.7058823529411765, 0.9166666666666666, 0.4444444444444444, 0.5925925925925926]"
mobilenetv3large,224,13,0.6839103808881116,0.8510833825002502,0.8362831858407079,0.6673264202249709,0.7514371417048368,"[0.6521739130434783, 0.9615384615384616, 0.6, 0.9703703703703703, 0.42857142857142855, 0.391304347826087]","[0.7894736842105263, 0.8620689655172413, 0.42857142857142855, 0.8618421052631579, 0.6666666666666666, 0.9]","[0.7142857142857143, 0.9090909090909091, 0.5, 0.9128919860627178, 0.5217391304347826, 0.5454545454545454]"
mobilenetv3large,224,14,0.7031212114537014,0.8838369007942516,0.8761061946902655,0.6796814296814296,0.7373953322002323,"[0.7727272727272727, 0.9642857142857143, 0.42857142857142855, 0.972027972027972, 0.35714285714285715, 0.5833333333333334]","[0.8947368421052632, 0.9310344827586207, 0.42857142857142855, 0.9144736842105263, 0.5555555555555556, 0.7]","[0.8292682926829268, 0.9473684210526315, 0.42857142857142855, 0.9423728813559322, 0.43478260869565216, 0.6363636363636364]"
mobilenetv3large,224,15,0.7658944769576953,0.8992710569305017,0.8893805309734514,0.7232376283846872,0.8400443510737629,"[0.7619047619047619, 0.9642857142857143, 0.625, 1.0, 0.4, 0.5882352941176471]","[0.8888888888888888, 0.9642857142857143, 0.625, 0.8954248366013072, 0.6666666666666666, 1.0]","[0.8205128205128205, 0.9642857142857143, 0.625, 0.9448275862068966, 0.5, 0.7407407407407407]"
densenet121,192,1,0.6930245885088285,0.8390653153779181,0.8193832599118943,0.6446925170678451,0.7901380606689136,"[0.5925925925925926, 0.9259259259259259, 0.4166666666666667, 0.984251968503937, 0.3333333333333333, 0.6153846153846154]","[0.8421052631578947, 0.8620689655172413, 0.7142857142857143, 0.8223684210526315, 0.7, 0.8]","[0.6956521739130435, 0.8928571428571429, 0.5263157894736842, 0.8960573476702509, 0.45161290322580644, 0.6956521739130435]"
densenet121,192,2,0.7048363821325637,0.8577929605247836,0.8458149779735683,0.6604477611940299,0.7745954598268573,"[0.6923076923076923, 1.0, 0.5, 0.9626865671641791, 0.3076923076923077, 0.5]","[0.9473684210526315, 0.9655172413793104, 0.7142857142857143, 0.8486842105263158, 0.4444444444444444, 0.7272727272727273]","[0.8, 0.9824561403508771, 0.5882352941176471, 0.9020979020979021, 0.36363636363636365, 0.5925925925925926]"
densenet121,192,3,0.6230541599233949,0.8331213730305725,0.8185840707964602,0.6066795330580184,0.6708991108038295,"[0.7368421052631579, 0.9629629629629629, 0.25, 0.9424460431654677, 0.4, 0.34782608695652173]","[0.7368421052631579, 0.896551724137931, 0.2857142857142857, 0.8618421052631579, 0.4444444444444444, 0.8]","[0.7368421052631579, 0.9285714285714286, 0.26666666666666666, 0.9003436426116839, 0.42105263157894735, 0.48484848484848486]"
densenet121,192,4,0.7067135957718244,0.858830022208567,0.8407079646017699,0.6661718285799169,0.8168997685785344,"[0.8823529411764706, 0.9333333333333333, 0.3333333333333333, 0.984375, 0.36363636363636365, 0.5]","[0.7894736842105263, 0.9655172413793104, 0.42857142857142855, 0.8289473684210527, 0.8888888888888888, 1.0]","[0.8333333333333334, 0.9491525423728814, 0.375, 0.9, 0.5161290322580645, 0.6666666666666666]"
densenet121,192,5,0.7143869700934418,0.877587727925236,0.8761061946902655,0.7281837168679273,0.7160869903516963,"[0.6842105263157895, 0.96, 0.4166666666666667, 0.9415584415584416, 0.6666666666666666, 0.7]","[0.7222222222222222, 0.8571428571428571, 0.625, 0.9477124183006536, 0.4444444444444444, 0.7]","[0.7027027027027027, 0.9056603773584906, 0.5, 0.9446254071661238, 0.5333333333333333, 0.7]"
densenet121,192,6,0.6885861472430254,0.8612643739035258,0.8502202643171806,0.6557461873638344,0.7428744274479301,"[0.7083333333333334, 0.9333333333333333, 0.3333333333333333, 0.9705882352941176, 0.3888888888888889, 0.6]","[0.8947368421052632, 0.9655172413793104, 0.42857142857142855, 0.868421052631579, 0.7, 0.6]","[0.7906976744186046, 0.9491525423728814, 0.375, 0.9166666666666666, 0.5, 0.6]"
densenet121,192,7,0.7403266558014424,0.868307934627724,0.8590308370044053,0.6966197236977288,0.8104476730837892,"[0.7083333333333334, 0.9615384615384616, 0.6, 0.9637681159420289, 0.4166666666666667, 0.5294117647058824]","[0.8947368421052632, 0.8620689655172413, 0.8571428571428571, 0.875, 0.5555555555555556, 0.8181818181818182]","[0.7906976744186046, 0.9090909090909091, 0.7058823529411765, 0.9172413793103448, 0.47619047619047616, 0.6428571428571429]"
densenet121,192,8,0.7307183557183556,0.8697844068419289,0.8584070796460177,0.6834118752170756,0.8102403998502,"[0.6086956521739131, 0.9259259259259259, 0.5555555555555556, 0.9852941176470589, 0.4, 0.625]","[0.7368421052631579, 0.8620689655172413, 0.7142857142857143, 0.881578947368421, 0.6666666666666666, 1.0]","[0.6666666666666666, 0.8928571428571429, 0.625, 0.9305555555555556, 0.5, 0.7692307692307693]"
densenet121,192,9,0.7638479680912033,0.89798060385581,0.8938053097345132,0.7553608911254103,0.7938213589529378,"[0.8421052631578947, 0.9666666666666667, 0.6, 0.9586206896551724, 0.4375, 0.7272727272727273]","[0.8421052631578947, 1.0, 0.42857142857142855, 0.9144736842105263, 0.7777777777777778, 0.8]","[0.8421052631578947, 0.9830508474576272, 0.5, 0.936026936026936, 0.56, 0.7619047619047619]"
densenet121,192,10,0.6326054410755723,0.8197801640480662,0.8008849557522124,0.5988757278055189,0.7012760659819484,"[0.5416666666666666, 0.9285714285714286, 0.5, 0.9618320610687023, 0.1875, 0.47368421052631576]","[0.7222222222222222, 0.9285714285714286, 0.5, 0.8235294117647058, 0.3333333333333333, 0.9]","[0.6190476190476191, 0.9285714285714286, 0.5, 0.8873239436619719, 0.24, 0.6206896551724138]"
densenet121,192,11,0.7300104953189906,0.8642094937381609,0.8546255506607929,0.682639065727301,0.8007551205600207,"[0.5909090909090909, 0.9, 0.5555555555555556, 0.9779411764705882, 0.5, 0.5714285714285714]","[0.6842105263157895, 0.9310344827586207, 0.7142857142857143, 0.875, 0.8, 0.8]","[0.6341463414634146, 0.9152542372881356, 0.625, 0.9236111111111112, 0.6153846153846154, 0.6666666666666666]"
densenet121,192,12,0.7194395750677991,0.8628146299919193,0.8590308370044053,0.6923385256718589,0.7719355533556985,"[0.5925925925925926, 0.9230769230769231, 0.6363636363636364, 0.958041958041958, 0.42857142857142855, 0.6153846153846154]","[0.8421052631578947, 0.8275862068965517, 1.0, 0.9013157894736842, 0.3333333333333333, 0.7272727272727273]","[0.6956521739130435, 0.8727272727272727, 0.7777777777777778, 0.9288135593220339, 0.375, 0.6666666666666666]"
densenet121,192,13,0.6357420357420358,0.8217161403002111,0.8008849557522124,0.6060937072877371,0.7061223460951228,"[0.7619047619047619, 0.96, 0.3076923076923077, 0.9402985074626866, 0.3333333333333333, 0.3333333333333333]","[0.8421052631578947, 0.8275862068965517, 0.5714285714285714, 0.8289473684210527, 0.6666666666666666, 0.5]","[0.8, 0.8888888888888888, 0.4, 0.8811188811188811, 0.4444444444444444, 0.4]"
densenet121,192,14,0.7631936545662036,0.8816450116293948,0.8761061946902655,0.7484240391915588,0.7974379195114222,"[0.9333333333333333, 0.9032258064516129, 0.7142857142857143, 0.9448275862068966, 0.46153846153846156, 0.5333333333333333]","[0.7368421052631579, 0.9655172413793104, 0.7142857142857143, 0.9013157894736842, 0.6666666666666666, 0.8]","[0.8235294117647058, 0.9333333333333333, 0.7142857142857143, 0.9225589225589226, 0.5454545454545454, 0.64]"
densenet121,192,15,0.724004032877753,0.8632108014677708,0.8539823008849557,0.6865079365079366,0.7789721444133209,"[0.6666666666666666, 0.9285714285714286, 0.5, 0.9571428571428572, 0.4, 0.6666666666666666]","[0.7777777777777778, 0.9285714285714286, 0.625, 0.8758169934640523, 0.6666666666666666, 0.8]","[0.717948717948718, 0.9285714285714286, 0.5555555555555556, 0.9146757679180887, 0.5, 0.7272727272727273]"
densenet121,224,1,0.7115459620894403,0.8557971785179216,0.8414096916299559,0.6705326643137589,0.780050341370668,"[0.6153846153846154, 0.9259259259259259, 0.5555555555555556, 0.9776119402985075, 0.3333333333333333, 0.6153846153846154]","[0.8421052631578947, 0.8620689655172413, 0.7142857142857143, 0.8618421052631579, 0.6, 0.8]","[0.7111111111111111, 0.8928571428571429, 0.625, 0.916083916083916, 0.42857142857142855, 0.6956521739130435]"
densenet121,224,2,0.7524762994442629,0.8778455427978105,0.8678414096916299,0.7161374165050636,0.8115549671811015,"[0.6923076923076923, 1.0, 0.7142857142857143, 0.9705882352941176, 0.35714285714285715, 0.5625]","[0.9473684210526315, 0.9655172413793104, 0.7142857142857143, 0.868421052631579, 0.5555555555555556, 0.8181818181818182]","[0.8, 0.9824561403508771, 0.7142857142857143, 0.9166666666666666, 0.43478260869565216, 0.6666666666666666]"
densenet121,224,3,0.6179529911217377,0.8302826624363748,0.8185840707964602,0.59722488584662,0.6702587407215356,"[0.7368421052631579, 0.9642857142857143, 0.16666666666666666, 0.935251798561151, 0.4166666666666667, 0.36363636363636365]","[0.7368421052631579, 0.9310344827586207, 0.14285714285714285, 0.8552631578947368, 0.5555555555555556, 0.8]","[0.7368421052631579, 0.9473684210526315, 0.15384615384615385, 0.8934707903780069, 0.47619047619047616, 0.5]"
densenet121,224,4,0.7307475450238886,0.8692929976289429,0.8539823008849557,0.7185132051411122,0.8278646808592361,"[0.8, 0.9333333333333333, 0.75, 0.9922480620155039, 0.38095238095238093, 0.45454545454545453]","[0.8421052631578947, 0.9655172413793104, 0.42857142857142855, 0.8421052631578947, 0.8888888888888888, 1.0]","[0.8205128205128205, 0.9491525423728814, 0.5454545454545454, 0.9110320284697508, 0.5333333333333333, 0.625]"
densenet121,224,5,0.6977968586919365,0.8628998323074466,0.8495575221238938,0.6654761904761904,0.7511943666355431,"[0.75, 1.0, 0.38461538461538464, 0.9571428571428572, 0.2857142857142857, 0.6153846153846154]","[0.8333333333333334, 0.9285714285714286, 0.625, 0.8758169934640523, 0.4444444444444444, 0.8]","[0.7894736842105263, 0.9629629629629629, 0.47619047619047616, 0.9146757679180887, 0.34782608695652173, 0.6956521739130435]"
densenet121,224,6,0.7269999029565892,0.8610382177186734,0.8502202643171806,0.6820950635793214,0.7959759312073288,"[0.782608695652174, 0.9655172413793104, 0.5555555555555556, 0.9555555555555556, 0.5, 0.3333333333333333]","[0.9473684210526315, 0.9655172413793104, 0.7142857142857143, 0.8486842105263158, 0.8, 0.5]","[0.8571428571428571, 0.9655172413793104, 0.625, 0.8989547038327527, 0.6153846153846154, 0.4]"
densenet121,224,7,0.7943909538737125,0.8927604751317344,0.8854625550660793,0.7517377095765841,0.859100795353064,"[0.76, 1.0, 0.75, 0.9710144927536232, 0.5, 0.5294117647058824]","[1.0, 0.9310344827586207, 0.8571428571428571, 0.881578947368421, 0.6666666666666666, 0.8181818181818182]","[0.8636363636363636, 0.9642857142857143, 0.8, 0.9241379310344827, 0.5714285714285714, 0.6428571428571429]"
densenet121,224,8,0.694557029624349,0.8512270069689293,0.8362831858407079,0.6464580538045451,0.7794411795772959,"[0.625, 0.9259259259259259, 0.45454545454545453, 0.9774436090225563, 0.3333333333333333, 0.5625]","[0.7894736842105263, 0.8620689655172413, 0.7142857142857143, 0.8552631578947368, 0.5555555555555556, 0.9]","[0.6976744186046512, 0.8928571428571429, 0.5555555555555556, 0.9122807017543859, 0.4166666666666667, 0.6923076923076923]"
densenet121,224,9,0.781522855675398,0.89414836076378,0.8893805309734514,0.7699911199911199,0.8154379003063212,"[0.7619047619047619, 0.9666666666666667, 0.8, 0.958041958041958, 0.4666666666666667, 0.6666666666666666]","[0.8421052631578947, 1.0, 0.5714285714285714, 0.9013157894736842, 0.7777777777777778, 0.8]","[0.8, 0.9830508474576272, 0.6666666666666666, 0.9288135593220339, 0.5833333333333334, 0.7272727272727273]"
densenet121,224,10,0.7010608888541056,0.8558793733987999,0.8451327433628318,0.671149981731823,0.7615157173980703,"[0.625, 1.0, 0.5714285714285714, 0.9565217391304348, 0.2857142857142857, 0.5882352941176471]","[0.8333333333333334, 0.9285714285714286, 0.5, 0.8627450980392157, 0.4444444444444444, 1.0]","[0.7142857142857143, 0.9629629629629629, 0.5333333333333333, 0.9072164948453608, 0.34782608695652173, 0.7407407407407407]"
densenet121,224,11,0.7240426633928682,0.8495624801540683,0.8370044052863436,0.6717617349970291,0.8114067496327024,"[0.5454545454545454, 0.9, 0.6666666666666666, 0.9772727272727273, 0.47058823529411764, 0.47058823529411764]","[0.631578947368421, 0.9310344827586207, 0.8571428571428571, 0.8486842105263158, 0.8, 0.8]","[0.5853658536585366, 0.9152542372881356, 0.75, 0.9084507042253521, 0.5925925925925926, 0.5925925925925926]"
densenet121,224,12,0.7209699542161131,0.8691241790048949,0.8634361233480177,0.6896252825595549,0.78070748318026,"[0.6296296296296297, 0.96, 0.5833333333333334, 0.9647887323943662, 0.3333333333333333, 0.6666666666666666]","[0.8947368421052632, 0.8275862068965517, 1.0, 0.9013157894736842, 0.3333333333333333, 0.7272727272727273]","[0.7391304347826086, 0.8888888888888888, 0.7368421052631579, 0.9319727891156463, 0.3333333333333333, 0.6956521739130435]"
densenet121,224,13,0.6555262171594288,0.8098893177299772,0.7831858407079646,0.6198978379662629,0.7658689347890798,"[0.64, 0.96, 0.5, 0.9672131147540983, 0.30434782608695654, 0.34782608695652173]","[0.8421052631578947, 0.8275862068965517, 0.5714285714285714, 0.7763157894736842, 0.7777777777777778, 0.8]","[0.7272727272727273, 0.8888888888888888, 0.5333333333333333, 0.8613138686131386, 0.4375, 0.48484848484848486]"
densenet121,224,14,0.6940608190608191,0.8599185833699107,0.8495575221238938,0.6832237524639485,0.7263850478687139,"[0.8333333333333334, 0.9629629629629629, 0.5, 0.9375, 0.29411764705882354, 0.5714285714285714]","[0.7894736842105263, 0.896551724137931, 0.42857142857142855, 0.8881578947368421, 0.5555555555555556, 0.8]","[0.8108108108108109, 0.9285714285714286, 0.46153846153846156, 0.9121621621621622, 0.38461538461538464, 0.6666666666666666]"
densenet121,224,15,0.787171173933802,0.8988364931224172,0.8938053097345132,0.7749166542269991,0.8192382508558979,"[0.75, 0.9642857142857143, 0.8333333333333334, 0.9655172413793104, 0.6363636363636364, 0.5]","[0.8333333333333334, 0.9642857142857143, 0.625, 0.9150326797385621, 0.7777777777777778, 0.8]","[0.7894736842105263, 0.9642857142857143, 0.7142857142857143, 0.9395973154362416, 0.7, 0.6153846153846154]"
efficientnetb3,192,1,0.7312407898614796,0.8662600248503332,0.8546255506607929,0.6863386977578948,0.8005358223144068,"[0.5769230769230769, 0.9310344827586207, 0.625, 0.9850746268656716, 0.4666666666666667, 0.5333333333333333]","[0.7894736842105263, 0.9310344827586207, 0.7142857142857143, 0.868421052631579, 0.7, 0.8]","[0.6666666666666666, 0.9310344827586207, 0.6666666666666666, 0.9230769230769231, 0.56, 0.64]"
efficientnetb3,192,2,0.718959858595586,0.8431733045641163,0.8325991189427313,0.6825132016602072,0.7831359463618991,"[0.5666666666666667, 0.9310344827586207, 0.7142857142857143, 0.9548872180451128, 0.4666666666666667, 0.46153846153846156]","[0.8947368421052632, 0.9310344827586207, 0.7142857142857143, 0.8355263157894737, 0.7777777777777778, 0.5454545454545454]","[0.6938775510204082, 0.9310344827586207, 0.7142857142857143, 0.8912280701754386, 0.5833333333333334, 0.5]"
efficientnetb3,192,3,0.7058890267516403,0.8703203054696964,0.8628318584070797,0.6921572624483584,0.7541211745839695,"[0.8125, 1.0, 0.42857142857142855, 0.9452054794520548, 0.5, 0.4666666666666667]","[0.6842105263157895, 0.9310344827586207, 0.8571428571428571, 0.9078947368421053, 0.4444444444444444, 0.7]","[0.7428571428571429, 0.9642857142857143, 0.5714285714285714, 0.9261744966442953, 0.47058823529411764, 0.56]"
efficientnetb3,192,4,0.7031240140930772,0.8286727278006099,0.8053097345132744,0.6543696405765372,0.8382970116863039,"[0.6666666666666666, 0.9333333333333333, 0.5714285714285714, 1.0, 0.4444444444444444, 0.3103448275862069]","[0.9473684210526315, 0.9655172413793104, 0.5714285714285714, 0.756578947368421, 0.8888888888888888, 0.9]","[0.782608695652174, 0.9491525423728814, 0.5714285714285714, 0.8614232209737828, 0.5925925925925926, 0.46153846153846156]"
efficientnetb3,192,5,0.7571057640774311,0.8950004912910129,0.8849557522123894,0.7280039178405785,0.8216230936819172,"[0.8666666666666667, 0.9655172413793104, 0.6666666666666666, 0.9857142857142858, 0.35714285714285715, 0.5263157894736842]","[0.7222222222222222, 1.0, 0.75, 0.9019607843137255, 0.5555555555555556, 1.0]","[0.7878787878787878, 0.9824561403508771, 0.7058823529411765, 0.9419795221843004, 0.43478260869565216, 0.6896551724137931]"
efficientnetb3,192,6,0.7134393412823234,0.8503110349534135,0.8370044052863436,0.6761808672256433,0.7748433583959898,"[0.7272727272727273, 0.9666666666666667, 0.5, 0.9477611940298507, 0.6153846153846154, 0.3]","[0.8421052631578947, 1.0, 0.5714285714285714, 0.8355263157894737, 0.8, 0.6]","[0.7804878048780488, 0.9830508474576272, 0.5333333333333333, 0.8881118881118881, 0.6956521739130435, 0.4]"
efficientnetb3,192,7,0.7076047840701759,0.8412055319983369,0.8237885462555066,0.662402521695585,0.8037468933566938,"[0.7142857142857143, 0.9615384615384616, 0.5454545454545454, 0.9618320610687023, 0.4, 0.391304347826087]","[0.7894736842105263, 0.8620689655172413, 0.8571428571428571, 0.8289473684210527, 0.6666666666666666, 0.8181818181818182]","[0.75, 0.9090909090909091, 0.6666666666666666, 0.8904593639575972, 0.5, 0.5294117647058824]"
efficientnetb3,192,8,0.7063121651017142,0.8593195774610367,0.8451327433628318,0.6631834215167548,0.7851118457062195,"[0.7, 0.9642857142857143, 0.5, 0.9703703703703703, 0.4, 0.4444444444444444]","[0.7368421052631579, 0.9310344827586207, 0.7142857142857143, 0.8618421052631579, 0.6666666666666666, 0.8]","[0.717948717948718, 0.9473684210526315, 0.5882352941176471, 0.9128919860627178, 0.5, 0.5714285714285714]"
efficientnetb3,192,9,0.7548309779340068,0.8773226890597287,0.8672566371681416,0.7452038369304557,0.7960035385398362,"[0.5333333333333333, 1.0, 0.8, 0.9712230215827338, 0.5, 0.6666666666666666]","[0.8421052631578947, 0.896551724137931, 0.5714285714285714, 0.8881578947368421, 0.7777777777777778, 0.8]","[0.6530612244897959, 0.9454545454545454, 0.6666666666666666, 0.9278350515463918, 0.6086956521739131, 0.7272727272727273]"
efficientnetb3,192,10,0.7526605761910486,0.8572372977095826,0.8407079646017699,0.7219146403317446,0.8333177715530659,"[0.6363636363636364, 0.8709677419354839, 0.8571428571428571, 0.9844961240310077, 0.6363636363636364, 0.34615384615384615]","[0.7777777777777778, 0.9642857142857143, 0.75, 0.8300653594771242, 0.7777777777777778, 0.9]","[0.7, 0.9152542372881356, 0.8, 0.900709219858156, 0.7, 0.5]"
efficientnetb3,192,11,0.6634130326587359,0.8318211408845848,0.8149779735682819,0.6228962289307117,0.7360621381038803,"[0.5517241379310345, 0.9642857142857143, 0.5555555555555556, 0.9692307692307692, 0.3076923076923077, 0.3888888888888889]","[0.8421052631578947, 0.9310344827586207, 0.7142857142857143, 0.8289473684210527, 0.4, 0.7]","[0.6666666666666666, 0.9473684210526315, 0.625, 0.8936170212765957, 0.34782608695652173, 0.5]"
efficientnetb3,192,12,0.7541521759813826,0.8761406013500831,0.8678414096916299,0.7145962732919254,0.8095127338548392,"[0.6666666666666666, 0.9666666666666667, 0.6666666666666666, 0.9637681159420289, 0.35714285714285715, 0.6666666666666666]","[0.8421052631578947, 1.0, 0.8571428571428571, 0.875, 0.5555555555555556, 0.7272727272727273]","[0.7441860465116279, 0.9830508474576272, 0.75, 0.9172413793103448, 0.43478260869565216, 0.6956521739130435]"
efficientnetb3,192,13,0.7169450969813945,0.84521830185547,0.831858407079646,0.677278038893284,0.7869183255072548,"[0.5, 0.896551724137931, 0.7142857142857143, 0.9699248120300752, 0.5384615384615384, 0.4444444444444444]","[0.6842105263157895, 0.896551724137931, 0.7142857142857143, 0.8486842105263158, 0.7777777777777778, 0.8]","[0.5777777777777777, 0.896551724137931, 0.7142857142857143, 0.9052631578947369, 0.6363636363636364, 0.5714285714285714]"
efficientnetb3,192,14,0.7553111326228136,0.8766715807481692,0.8716814159292036,0.7272312162723121,0.7960348668606382,"[0.6363636363636364, 1.0, 0.6, 0.9452054794520548, 0.6363636363636364, 0.5454545454545454]","[0.7368421052631579, 0.896551724137931, 0.8571428571428571, 0.9078947368421053, 0.7777777777777778, 0.6]","[0.6829268292682927, 0.9454545454545454, 0.7058823529411765, 0.9261744966442953, 0.7, 0.5714285714285714]"
efficientnetb3,192,15,0.7147306779226016,0.8666113265137767,0.8539823008849557,0.6795832723368954,0.7902505446623094,"[0.6666666666666666, 0.9333333333333333, 0.5454545454545454, 0.9851851851851852, 0.5555555555555556, 0.391304347826087]","[0.6666666666666666, 1.0, 0.75, 0.869281045751634, 0.5555555555555556, 0.9]","[0.6666666666666666, 0.9655172413793104, 0.631578947368421, 0.9236111111111112, 0.5555555555555556, 0.5454545454545454]"
efficientnetb3,224,1,0.7233079040338568,0.8492438545301981,0.8370044052863436,0.6821043269092271,0.7884744188056348,"[0.4666666666666667, 0.9310344827586207, 0.625, 0.9699248120300752, 0.5, 0.6]","[0.7368421052631579, 0.9310344827586207, 0.7142857142857143, 0.8486842105263158, 0.6, 0.9]","[0.5714285714285714, 0.9310344827586207, 0.6666666666666666, 0.9052631578947369, 0.5454545454545454, 0.72]"
efficientnetb3,224,2,0.7207711886871048,0.8384104943004818,0.8237885462555066,0.6717029396853959,0.8036559964872124,"[0.6296296296296297, 0.9642857142857143, 0.6666666666666666, 0.9538461538461539, 0.5, 0.3157894736842105]","[0.8947368421052632, 0.9310344827586207, 0.8571428571428571, 0.8157894736842105, 0.7777777777777778, 0.5454545454545454]","[0.7391304347826086, 0.9473684210526315, 0.75, 0.8794326241134752, 0.6086956521739131, 0.4]"
efficientnetb3,224,3,0.7547456546754553,0.8781497035691798,0.8761061946902655,0.7359788720836055,0.7898702695435907,"[0.631578947368421, 1.0, 0.6363636363636364, 0.9395973154362416, 0.625, 0.5833333333333334]","[0.631578947368421, 0.9310344827586207, 1.0, 0.9210526315789473, 0.5555555555555556, 0.7]","[0.631578947368421, 0.9642857142857143, 0.7777777777777778, 0.9302325581395349, 0.5882352941176471, 0.6363636363636364]"
efficientnetb3,224,4,0.7081211192450928,0.8354202181376482,0.8141592920353983,0.6515661667176819,0.832281974092319,"[0.5925925925925926, 1.0, 0.5, 0.9834710743801653, 0.5, 0.3333333333333333]","[0.8421052631578947, 0.9655172413793104, 0.7142857142857143, 0.7828947368421053, 0.8888888888888888, 0.8]","[0.6956521739130435, 0.9824561403508771, 0.5882352941176471, 0.8717948717948718, 0.64, 0.47058823529411764]"
efficientnetb3,224,5,0.7241268966193163,0.886676632318668,0.8672566371681416,0.707637451115712,0.774537037037037,"[0.9333333333333333, 1.0, 0.5555555555555556, 0.9855072463768116, 0.23809523809523808, 0.5333333333333333]","[0.7777777777777778, 1.0, 0.625, 0.8888888888888888, 0.5555555555555556, 0.8]","[0.8484848484848485, 1.0, 0.5882352941176471, 0.9347079037800687, 0.3333333333333333, 0.64]"
efficientnetb3,224,6,0.7043324336427785,0.8635978618357473,0.8590308370044053,0.6855996749100197,0.72896465301184,"[0.64, 0.9655172413793104, 0.5, 0.9444444444444444, 0.7, 0.36363636363636365]","[0.8421052631578947, 0.9655172413793104, 0.5714285714285714, 0.8947368421052632, 0.7, 0.4]","[0.7272727272727273, 0.9655172413793104, 0.5333333333333333, 0.918918918918919, 0.7, 0.38095238095238093]"
efficientnetb3,224,7,0.7500905963518126,0.8760478071786437,0.8678414096916299,0.719416158889843,0.8070363670409043,"[0.7777777777777778, 0.9615384615384616, 0.6, 0.958041958041958, 0.5454545454545454, 0.47368421052631576]","[0.7368421052631579, 0.8620689655172413, 0.8571428571428571, 0.9013157894736842, 0.6666666666666666, 0.8181818181818182]","[0.7567567567567568, 0.9090909090909091, 0.7058823529411765, 0.9288135593220339, 0.6, 0.6]"
efficientnetb3,224,8,0.7128179046402505,0.8725903810085485,0.8628318584070797,0.681711666874041,0.7773667886190573,"[0.7368421052631579, 1.0, 0.5, 0.9645390070921985, 0.4444444444444444, 0.4444444444444444]","[0.7368421052631579, 0.9310344827586207, 0.8571428571428571, 0.8947368421052632, 0.4444444444444444, 0.8]","[0.7368421052631579, 0.9642857142857143, 0.631578947368421, 0.9283276450511946, 0.4444444444444444, 0.5714285714285714]"
efficientnetb3,224,9,0.7444673800789442,0.8641018458571283,0.8495575221238938,0.7163606107154495,0.8062098493359837,"[0.5161290322580645, 1.0, 0.8333333333333334, 0.9772727272727273, 0.4, 0.5714285714285714]","[0.8421052631578947, 0.9655172413793104, 0.7142857142857143, 0.8486842105263158, 0.6666666666666666, 0.8]","[0.64, 0.9824561403508771, 0.7692307692307693, 0.9084507042253521, 0.5, 0.6666666666666666]"
efficientnetb3,224,10,0.7319271092320365,0.8550357842567845,0.8407079646017699,0.698595633756924,0.8077186430127608,"[0.65, 0.8709677419354839, 0.6666666666666666, 0.9772727272727273, 0.6666666666666666, 0.36]","[0.7222222222222222, 0.9642857142857143, 0.75, 0.8431372549019608, 0.6666666666666666, 0.9]","[0.6842105263157895, 0.9152542372881356, 0.7058823529411765, 0.9052631578947369, 0.6666666666666666, 0.5142857142857142]"
efficientnetb3,224,11,0.7006112319850989,0.8495087077874348,0.8325991189427313,0.6574486382056356,0.7825079941232391,"[0.5925925925925926, 1.0, 0.5555555555555556, 0.9770992366412213, 0.375, 0.4444444444444444]","[0.8421052631578947, 0.896551724137931, 0.7142857142857143, 0.8421052631578947, 0.6, 0.8]","[0.6956521739130435, 0.9454545454545454, 0.625, 0.9045936395759717, 0.46153846153846156, 0.5714285714285714]"
efficientnetb3,224,12,0.7458417490451897,0.8679497120467616,0.8590308370044053,0.6951227248328697,0.8247417786891472,"[0.6956521739130435, 0.9666666666666667, 0.5, 0.9629629629629629, 0.5454545454545454, 0.5]","[0.8421052631578947, 1.0, 0.8571428571428571, 0.8552631578947368, 0.6666666666666666, 0.7272727272727273]","[0.7619047619047619, 0.9830508474576272, 0.631578947368421, 0.9059233449477352, 0.6, 0.5925925925925926]"
efficientnetb3,224,13,0.7300925392922171,0.8569743254913293,0.8407079646017699,0.6842222064176927,0.81949977914134,"[0.6086956521739131, 0.9285714285714286, 0.75, 0.9847328244274809, 0.3888888888888889, 0.4444444444444444]","[0.7368421052631579, 0.896551724137931, 0.8571428571428571, 0.8486842105263158, 0.7777777777777778, 0.8]","[0.6666666666666666, 0.9122807017543859, 0.8, 0.911660777385159, 0.5185185185185185, 0.5714285714285714]"
efficientnetb3,224,14,0.7696226266512783,0.8955154570427276,0.8893805309734514,0.7385020072520073,0.8132794870317556,"[0.7272727272727273, 1.0, 0.5, 0.9652777777777778, 0.7, 0.5384615384615384]","[0.8421052631578947, 0.9310344827586207, 0.7142857142857143, 0.9144736842105263, 0.7777777777777778, 0.7]","[0.7804878048780488, 0.9642857142857143, 0.5882352941176471, 0.9391891891891891, 0.7368421052631579, 0.6086956521739131]"
efficientnetb3,224,15,0.765756108922055,0.8779946877030084,0.8672566371681416,0.7249309868875086,0.8432578586990352,"[0.6666666666666666, 1.0, 0.7, 0.9710144927536232, 0.5833333333333334, 0.42857142857142855]","[0.6666666666666666, 0.9642857142857143, 0.875, 0.8758169934640523, 0.7777777777777778, 0.9]","[0.6666666666666666, 0.9818181818181818, 0.7777777777777778, 0.9209621993127147, 0.6666666666666666, 0.5806451612903226]"
resnet50,192,1,0.7354799585910455,0.8754875745766879,0.8722466960352423,0.7163847567957157,0.7589631406101461,"[0.7, 0.9, 0.5714285714285714, 0.952054794520548, 0.5384615384615384, 0.6363636363636364]","[0.7368421052631579, 0.9310344827586207, 0.5714285714285714, 0.9144736842105263, 0.7, 0.7]","[0.717948717948718, 0.9152542372881356, 0.5714285714285714, 0.9328859060402684, 0.6086956521739131, 0.6666666666666666]"
resnet50,192,2,0.7675561452651235,0.8943070295588674,0.8986784140969163,0.787271001944915,0.7636506801661066,"[0.782608695652174, 0.9642857142857143, 0.75, 0.935064935064935, 0.6666666666666666, 0.625]","[0.9473684210526315, 0.9310344827586207, 0.8571428571428571, 0.9473684210526315, 0.4444444444444444, 0.45454545454545453]","[0.8571428571428571, 0.9473684210526315, 0.8, 0.9411764705882353, 0.5333333333333333, 0.5263157894736842]"
resnet50,192,3,0.6929165605636194,0.8482490743682831,0.8495575221238938,0.7067477275810609,0.6905000768204035,"[0.7142857142857143, 0.9259259259259259, 0.5714285714285714, 0.9038461538461539, 0.625, 0.5]","[0.5263157894736842, 0.8620689655172413, 0.5714285714285714, 0.9276315789473685, 0.5555555555555556, 0.7]","[0.6060606060606061, 0.8928571428571429, 0.5714285714285714, 0.9155844155844156, 0.5882352941176471, 0.5833333333333334]"
resnet50,192,4,0.7733495826940572,0.9049950120353938,0.8982300884955752,0.7408468302948473,0.826479272894881,"[0.9, 0.9655172413793104, 0.5714285714285714, 0.9787234042553191, 0.5, 0.5294117647058824]","[0.9473684210526315, 0.9655172413793104, 0.5714285714285714, 0.9078947368421053, 0.6666666666666666, 0.9]","[0.9230769230769231, 0.9655172413793104, 0.5714285714285714, 0.9419795221843004, 0.5714285714285714, 0.6666666666666666]"
resnet50,192,5,0.639988252218887,0.8419026542064769,0.8407079646017699,0.6272516835016836,0.6732065048241519,"[0.5454545454545454, 1.0, 0.5555555555555556, 0.9333333333333333, 0.16666666666666666, 0.5625]","[0.6666666666666666, 0.8214285714285714, 0.625, 0.9150326797385621, 0.1111111111111111, 0.9]","[0.6, 0.9019607843137255, 0.5882352941176471, 0.9240924092409241, 0.13333333333333333, 0.6923076923076923]"
resnet50,192,6,0.7922768180465325,0.8967324620228888,0.8898678414096917,0.7974412837907288,0.8298418459942961,"[0.782608695652174, 1.0, 1.0, 0.9645390070921985, 0.6, 0.4375]","[0.9473684210526315, 0.9655172413793104, 0.5714285714285714, 0.8947368421052632, 0.9, 0.7]","[0.8571428571428571, 0.9824561403508771, 0.7272727272727273, 0.9283276450511946, 0.72, 0.5384615384615384]"
resnet50,192,7,0.8129029304029304,0.9142856336028142,0.9118942731277532,0.8031228707699295,0.8392864235650079,"[0.8, 1.0, 0.75, 0.9662162162162162, 0.7142857142857143, 0.5882352941176471]","[0.8421052631578947, 0.9310344827586207, 0.8571428571428571, 0.9407894736842105, 0.5555555555555556, 0.9090909090909091]","[0.8205128205128205, 0.9642857142857143, 0.8, 0.9533333333333334, 0.625, 0.7142857142857143]"
resnet50,192,8,0.6893820123054651,0.869673261625425,0.8716814159292036,0.6971397280537066,0.6920595310114366,"[0.75, 0.9259259259259259, 0.5714285714285714, 0.9354838709677419, 0.42857142857142855, 0.5714285714285714]","[0.631578947368421, 0.8620689655172413, 0.5714285714285714, 0.9539473684210527, 0.3333333333333333, 0.8]","[0.6857142857142857, 0.8928571428571429, 0.5714285714285714, 0.9446254071661238, 0.375, 0.6666666666666666]"
resnet50,192,9,0.7462677976799061,0.8796006201822548,0.8805309734513275,0.7497246971402114,0.7460732770623877,"[0.7647058823529411, 0.84375, 0.6666666666666666, 0.9403973509933775, 0.5555555555555556, 0.7272727272727273]","[0.6842105263157895, 0.9310344827586207, 0.5714285714285714, 0.9342105263157895, 0.5555555555555556, 0.8]","[0.7222222222222222, 0.8852459016393442, 0.6153846153846154, 0.9372937293729373, 0.5555555555555556, 0.7619047619047619]"
resnet50,192,10,0.7746194113586536,0.9016362502636054,0.9026548672566372,0.7892759332921605,0.765822440087146,"[0.8235294117647058, 0.9655172413793104, 0.8333333333333334, 0.9415584415584416, 0.4444444444444444, 0.7272727272727273]","[0.7777777777777778, 1.0, 0.625, 0.9477124183006536, 0.4444444444444444, 0.8]","[0.8, 0.9824561403508771, 0.7142857142857143, 0.9446254071661238, 0.4444444444444444, 0.7619047619047619]"
resnet50,192,11,0.6896722325293753,0.8586681621294584,0.8502202643171806,0.6675816465122956,0.7323859217008036,"[0.6086956521739131, 0.9230769230769231, 0.5, 0.9647887323943662, 0.4375, 0.5714285714285714]","[0.7368421052631579, 0.8275862068965517, 0.42857142857142855, 0.9013157894736842, 0.7, 0.8]","[0.6666666666666666, 0.8727272727272727, 0.46153846153846156, 0.9319727891156463, 0.5384615384615384, 0.6666666666666666]"
resnet50,192,12,0.7698545104965869,0.8908118096299653,0.8854625550660793,0.766809264540662,0.7938971863654259,"[0.875, 0.875, 0.75, 0.9655172413793104, 0.7142857142857143, 0.42105263157894735]","[0.7368421052631579, 0.9655172413793104, 0.8571428571428571, 0.9210526315789473, 0.5555555555555556, 0.7272727272727273]","[0.8, 0.9180327868852459, 0.8, 0.9427609427609428, 0.625, 0.5333333333333333]"
resnet50,192,13,0.7161466165413534,0.8756352718078383,0.8716814159292036,0.7119356198303567,0.7397379944113157,"[0.8947368421052632, 1.0, 0.5714285714285714, 0.9324324324324325, 0.42857142857142855, 0.4444444444444444]","[0.8947368421052632, 0.9310344827586207, 0.5714285714285714, 0.9078947368421053, 0.3333333333333333, 0.8]","[0.8947368421052632, 0.9642857142857143, 0.5714285714285714, 0.92, 0.375, 0.5714285714285714]"
resnet50,192,14,0.7293467789996163,0.8888181816999622,0.8893805309734514,0.7487249404057553,0.7174391918493551,"[0.8421052631578947, 1.0, 0.6, 0.9290322580645162, 0.45454545454545453, 0.6666666666666666]","[0.8421052631578947, 0.9310344827586207, 0.42857142857142855, 0.9473684210526315, 0.5555555555555556, 0.6]","[0.8421052631578947, 0.9642857142857143, 0.5, 0.9381107491856677, 0.5, 0.631578947368421]"
resnet50,192,15,0.766921275025144,0.8865354688474582,0.8849557522123894,0.7562044814879806,0.785838779956427,"[0.7222222222222222, 0.9655172413793104, 0.5714285714285714, 0.9395973154362416, 0.5384615384615384, 0.8]","[0.7222222222222222, 1.0, 0.5, 0.9150326797385621, 0.7777777777777778, 0.8]","[0.7222222222222222, 0.9824561403508771, 0.5333333333333333, 0.9271523178807947, 0.6363636363636364, 0.8]"
resnet50,224,1,0.7194069644899749,0.8734565140095358,0.8678414096916299,0.7011897420084284,0.7583992308357099,"[0.6521739130434783, 0.9, 0.6, 0.9716312056737588, 0.5, 0.5833333333333334]","[0.7894736842105263, 0.9310344827586207, 0.42857142857142855, 0.9013157894736842, 0.8, 0.7]","[0.7142857142857143, 0.9152542372881356, 0.5, 0.9351535836177475, 0.6153846153846154, 0.6363636363636364]"
resnet50,224,2,0.8213545068196231,0.9132488264390732,0.9118942731277532,0.8271917245071608,0.8246032509870985,"[0.6923076923076923, 1.0, 0.8333333333333334, 0.959731543624161, 0.7777777777777778, 0.7]","[0.9473684210526315, 0.9310344827586207, 0.7142857142857143, 0.9407894736842105, 0.7777777777777778, 0.6363636363636364]","[0.8, 0.9642857142857143, 0.7692307692307693, 0.9501661129568106, 0.7777777777777778, 0.6666666666666666]"
resnet50,224,3,0.7084314354731777,0.8599179581480466,0.8584070796460177,0.7151448609366032,0.7096697682904579,"[0.6875, 0.9310344827586207, 0.6666666666666666, 0.9210526315789473, 0.38461538461538464, 0.7]","[0.5789473684210527, 0.9310344827586207, 0.5714285714285714, 0.9210526315789473, 0.5555555555555556, 0.7]","[0.6285714285714286, 0.9310344827586207, 0.6153846153846154, 0.9210526315789473, 0.45454545454545453, 0.7]"
resnet50,224,4,0.7754494547597997,0.8932607215793058,0.8805309734513275,0.7434518193106715,0.8569373625634968,"[0.9, 0.9655172413793104, 0.6666666666666666, 0.9850746268656716, 0.38095238095238093, 0.5625]","[0.9473684210526315, 0.9655172413793104, 0.5714285714285714, 0.868421052631579, 0.8888888888888888, 0.9]","[0.9230769230769231, 0.9655172413793104, 0.6153846153846154, 0.9230769230769231, 0.5333333333333333, 0.6923076923076923]"
resnet50,224,5,0.7801074471999357,0.9115734587153276,0.915929203539823,0.799847279157624,0.7788126361655774,"[0.8666666666666667, 0.9655172413793104, 0.6, 0.9487179487179487, 0.6, 0.8181818181818182]","[0.7222222222222222, 1.0, 0.75, 0.9673202614379085, 0.3333333333333333, 0.9]","[0.7878787878787878, 0.9824561403508771, 0.6666666666666666, 0.9579288025889967, 0.42857142857142855, 0.8571428571428571]"
resnet50,224,6,0.7327472893524071,0.8693237054386656,0.8634361233480177,0.7096961482109334,0.7760197908564516,"[0.7391304347826086, 0.9655172413793104, 0.7142857142857143, 0.950354609929078, 0.4444444444444444, 0.4444444444444444]","[0.8947368421052632, 0.9655172413793104, 0.7142857142857143, 0.881578947368421, 0.8, 0.4]","[0.8095238095238095, 0.9655172413793104, 0.7142857142857143, 0.9146757679180887, 0.5714285714285714, 0.42105263157894735]"
resnet50,224,7,0.8020569937788481,0.9210796001559488,0.920704845814978,0.7892063492063492,0.8270821821184798,"[0.8095238095238095, 1.0, 0.6666666666666666, 0.9733333333333334, 0.5714285714285714, 0.7142857142857143]","[0.8947368421052632, 0.896551724137931, 0.8571428571428571, 0.9605263157894737, 0.4444444444444444, 0.9090909090909091]","[0.85, 0.9454545454545454, 0.75, 0.9668874172185431, 0.5, 0.8]"
resnet50,224,8,0.7351659451659452,0.8808083362065663,0.8761061946902655,0.7163465913465913,0.7607729813038343,"[0.6666666666666666, 0.9615384615384616, 0.4444444444444444, 0.9527027027027027, 0.5454545454545454, 0.7272727272727273]","[0.7368421052631579, 0.8620689655172413, 0.5714285714285714, 0.9276315789473685, 0.6666666666666666, 0.8]","[0.7, 0.9090909090909091, 0.5, 0.94, 0.6, 0.7619047619047619]"
resnet50,224,9,0.7282980304719434,0.8774681583646571,0.8761061946902655,0.7226218304058416,0.7398808323490719,"[0.6086956521739131, 0.9032258064516129, 0.5, 0.9523809523809523, 0.5714285714285714, 0.8]","[0.7368421052631579, 0.9655172413793104, 0.5714285714285714, 0.9210526315789473, 0.4444444444444444, 0.8]","[0.6666666666666666, 0.9333333333333333, 0.5333333333333333, 0.9364548494983278, 0.5, 0.8]"
resnet50,224,10,0.7787626269388815,0.9000154126214286,0.8982300884955752,0.775117949165136,0.797739651416122,"[0.7368421052631579, 0.9655172413793104, 0.8333333333333334, 0.9594594594594594, 0.5555555555555556, 0.6]","[0.7777777777777778, 1.0, 0.625, 0.9281045751633987, 0.5555555555555556, 0.9]","[0.7567567567567568, 0.9824561403508771, 0.7142857142857143, 0.9435215946843853, 0.5555555555555556, 0.72]"
resnet50,224,11,0.7122511296983031,0.8770942523552684,0.8722466960352423,0.6923419257894143,0.7392749114164722,"[0.6818181818181818, 0.9629629629629629, 0.42857142857142855, 0.958904109589041, 0.5833333333333334, 0.5384615384615384]","[0.7894736842105263, 0.896551724137931, 0.42857142857142855, 0.9210526315789473, 0.7, 0.7]","[0.7317073170731707, 0.9285714285714286, 0.42857142857142855, 0.9395973154362416, 0.6363636363636364, 0.6086956521739131]"
resnet50,224,12,0.7855947647798306,0.9016101696457862,0.8986784140969163,0.7654864976293548,0.8160076589069329,"[0.7272727272727273, 0.8928571428571429, 0.6, 0.9727891156462585, 0.6, 0.8]","[0.8421052631578947, 0.8620689655172413, 0.8571428571428571, 0.9407894736842105, 0.6666666666666666, 0.7272727272727273]","[0.7804878048780488, 0.8771929824561403, 0.7058823529411765, 0.9565217391304348, 0.631578947368421, 0.7619047619047619]"
resnet50,224,13,0.7214993052924088,0.8859337194186142,0.8849557522123894,0.741456368649351,0.7541663065710252,"[0.75, 0.9629629629629629, 0.5, 0.9594594594594594, 0.75, 0.5263157894736842]","[0.7894736842105263, 0.896551724137931, 0.5714285714285714, 0.9342105263157895, 0.3333333333333333, 1.0]","[0.7692307692307693, 0.9285714285714286, 0.5333333333333333, 0.9466666666666667, 0.46153846153846156, 0.6896551724137931]"
resnet50,224,14,0.7431426112661811,0.8974858892280573,0.8938053097345132,0.7309835138782508,0.7638539596116729,"[0.8947368421052632, 1.0, 0.5, 0.9527027027027027, 0.5, 0.5384615384615384]","[0.8947368421052632, 0.9655172413793104, 0.42857142857142855, 0.9276315789473685, 0.6666666666666666, 0.7]","[0.8947368421052632, 0.9824561403508771, 0.46153846153846156, 0.94, 0.5714285714285714, 0.6086956521739131]"
resnet50,224,15,0.7945646577684521,0.8952980568317275,0.8938053097345132,0.7740043687558901,0.8233387799564271,"[0.7647058823529411, 0.9655172413793104, 0.625, 0.9459459459459459, 0.7, 0.6428571428571429]","[0.7222222222222222, 1.0, 0.625, 0.9150326797385621, 0.7777777777777778, 0.9]","[0.7428571428571429, 0.9824561403508771, 0.625, 0.9302325581395349, 0.7368421052631579, 0.75]"
inceptionv3,192,1,0.631845207102939,0.8062047816895902,0.7929515418502202,0.5996008995696203,0.6861453201970443,"[0.43478260869565216, 0.9230769230769231, 0.45454545454545453, 0.9280575539568345, 0.2857142857142857, 0.5714285714285714]","[0.5263157894736842, 0.8275862068965517, 0.7142857142857143, 0.8486842105263158, 0.4, 0.8]","[0.47619047619047616, 0.8727272727272727, 0.5555555555555556, 0.8865979381443299, 0.3333333333333333, 0.6666666666666666]"
inceptionv3,192,2,0.6531566679022066,0.8163080090716333,0.8061674008810573,0.6247019888324237,0.698998399429434,"[0.5357142857142857, 0.9285714285714286, 0.36363636363636365, 0.9202898550724637, 0.5, 0.5]","[0.7894736842105263, 0.896551724137931, 0.5714285714285714, 0.8355263157894737, 0.5555555555555556, 0.5454545454545454]","[0.6382978723404256, 0.9122807017543859, 0.4444444444444444, 0.8758620689655172, 0.5263157894736842, 0.5217391304347826]"
inceptionv3,192,3,0.4867306135598819,0.7156562517991397,0.6902654867256637,0.4771786613815599,0.5223326515522523,"[0.36, 0.9130434782608695, 0.23076923076923078, 0.8592592592592593, 0.3333333333333333, 0.16666666666666666]","[0.47368421052631576, 0.7241379310344828, 0.42857142857142855, 0.7631578947368421, 0.4444444444444444, 0.3]","[0.4090909090909091, 0.8076923076923077, 0.3, 0.8083623693379791, 0.38095238095238093, 0.21428571428571427]"
inceptionv3,192,4,0.6886639425264068,0.8529286098629616,0.8451327433628318,0.6585619815835644,0.7319860955069667,"[0.6666666666666666, 0.9333333333333333, 0.5714285714285714, 0.9496402877697842, 0.36363636363636365, 0.4666666666666667]","[0.8421052631578947, 0.9655172413793104, 0.5714285714285714, 0.868421052631579, 0.4444444444444444, 0.7]","[0.7441860465116279, 0.9491525423728814, 0.5714285714285714, 0.9072164948453608, 0.4, 0.56]"
inceptionv3,192,5,0.6481390987433653,0.8132560481873535,0.8008849557522124,0.6669031448013844,0.6801742919389978,"[0.45, 0.8484848484848485, 1.0, 0.9343065693430657, 0.23529411764705882, 0.5333333333333333]","[0.5, 1.0, 0.5, 0.8366013071895425, 0.4444444444444444, 0.8]","[0.47368421052631576, 0.9180327868852459, 0.6666666666666666, 0.8827586206896552, 0.3076923076923077, 0.64]"
inceptionv3,192,6,0.6105864921965706,0.8034824504950924,0.788546255506608,0.6036551990144267,0.6629699248120301,"[0.75, 0.8529411764705882, 0.5, 0.9312977099236641, 0.28, 0.3076923076923077]","[0.7894736842105263, 1.0, 0.2857142857142857, 0.8026315789473685, 0.7, 0.4]","[0.7692307692307693, 0.9206349206349206, 0.36363636363636365, 0.8621908127208481, 0.4, 0.34782608695652173]"
inceptionv3,192,7,0.6687570556234569,0.8291653435346129,0.8193832599118943,0.6406099456099457,0.7182038822238459,"[0.45454545454545453, 0.92, 0.4166666666666667, 0.9370629370629371, 0.5, 0.6153846153846154]","[0.5263157894736842, 0.7931034482758621, 0.7142857142857143, 0.881578947368421, 0.6666666666666666, 0.7272727272727273]","[0.4878048780487805, 0.8518518518518519, 0.5263157894736842, 0.9084745762711864, 0.5714285714285714, 0.6666666666666666]"
inceptionv3,192,8,0.5699675324675325,0.7889351798643834,0.7654867256637168,0.563230401785389,0.6141808064221858,"[0.5, 0.9615384615384616, 0.42857142857142855, 0.9264705882352942, 0.17391304347826086, 0.3888888888888889]","[0.42105263157894735, 0.8620689655172413, 0.42857142857142855, 0.8289473684210527, 0.4444444444444444, 0.7]","[0.45714285714285713, 0.9090909090909091, 0.42857142857142855, 0.875, 0.25, 0.5]"
inceptionv3,192,9,0.5943505947817305,0.770042499527304,0.7522123893805309,0.5627146799560592,0.6489552425124113,"[0.3333333333333333, 0.8620689655172413, 0.3333333333333333, 0.9090909090909091, 0.4, 0.5384615384615384]","[0.5263157894736842, 0.8620689655172413, 0.5714285714285714, 0.7894736842105263, 0.4444444444444444, 0.7]","[0.40816326530612246, 0.8620689655172413, 0.42105263157894735, 0.8450704225352113, 0.42105263157894735, 0.6086956521739131]"
inceptionv3,192,10,0.603356705587827,0.7903641050564969,0.7787610619469026,0.579936751201119,0.6592826019296608,"[0.4074074074074074, 0.896551724137931, 0.4, 0.9185185185185185, 0.35714285714285715, 0.5]","[0.6111111111111112, 0.9285714285714286, 0.25, 0.8104575163398693, 0.5555555555555556, 0.8]","[0.4888888888888889, 0.9122807017543859, 0.3076923076923077, 0.8611111111111112, 0.43478260869565216, 0.6153846153846154]"
inceptionv3,192,11,0.5462112757215206,0.757933309786238,0.7400881057268722,0.5264343040188857,0.5953277590528043,"[0.41379310344827586, 0.88, 0.2857142857142857, 0.9029850746268657, 0.3076923076923077, 0.3684210526315789]","[0.631578947368421, 0.7586206896551724, 0.2857142857142857, 0.7960526315789473, 0.4, 0.7]","[0.5, 0.8148148148148148, 0.2857142857142857, 0.8461538461538461, 0.34782608695652173, 0.4827586206896552]"
inceptionv3,192,12,0.7168826080091807,0.8701980895310488,0.8722466960352423,0.7150411110142655,0.7266710401919113,"[0.7142857142857143, 0.875, 0.625, 0.9395973154362416, 0.5, 0.6363636363636364]","[0.7894736842105263, 0.9655172413793104, 0.7142857142857143, 0.9210526315789473, 0.3333333333333333, 0.6363636363636364]","[0.75, 0.9180327868852459, 0.6666666666666666, 0.9302325581395349, 0.4, 0.6363636363636364]"
inceptionv3,192,13,0.6285652543664646,0.8138350954397868,0.8008849557522124,0.6102928646094113,0.6775404747500936,"[0.5, 0.9230769230769231, 0.26666666666666666, 0.9280575539568345, 0.42857142857142855, 0.6153846153846154]","[0.6842105263157895, 0.8275862068965517, 0.5714285714285714, 0.8486842105263158, 0.3333333333333333, 0.8]","[0.5777777777777777, 0.8727272727272727, 0.36363636363636365, 0.8865979381443299, 0.375, 0.6956521739130435]"
inceptionv3,192,14,0.6449256236717277,0.8226414555296234,0.8097345132743363,0.6166517834683302,0.6953488846637667,"[0.625, 0.9230769230769231, 0.23076923076923078, 0.9280575539568345, 0.5384615384615384, 0.45454545454545453]","[0.7894736842105263, 0.8275862068965517, 0.42857142857142855, 0.8486842105263158, 0.7777777777777778, 0.5]","[0.6976744186046512, 0.8727272727272727, 0.3, 0.8865979381443299, 0.6363636363636364, 0.47619047619047616]"
inceptionv3,192,15,0.6436971718511967,0.8043306633319373,0.7876106194690266,0.5963038955945554,0.7413671023965142,"[0.4583333333333333, 0.9655172413793104, 0.3333333333333333, 0.9448818897637795, 0.4666666666666667, 0.4090909090909091]","[0.6111111111111112, 1.0, 0.375, 0.7843137254901961, 0.7777777777777778, 0.9]","[0.5238095238095238, 0.9824561403508771, 0.35294117647058826, 0.8571428571428571, 0.5833333333333334, 0.5625]"
inceptionv3,224,1,0.6335302376402285,0.8194971912300205,0.8105726872246696,0.6039994590067957,0.6793924466338259,"[0.5454545454545454, 0.8620689655172413, 0.4166666666666667, 0.9361702127659575, 0.36363636363636365, 0.5]","[0.631578947368421, 0.8620689655172413, 0.7142857142857143, 0.868421052631579, 0.4, 0.6]","[0.5853658536585366, 0.8620689655172413, 0.5263157894736842, 0.9010238907849829, 0.38095238095238093, 0.5454545454545454]"
inceptionv3,224,2,0.6114056078302558,0.7908358998576077,0.775330396475771,0.5936429615705932,0.6599519195934803,"[0.46875, 1.0, 0.3333333333333333, 0.9097744360902256, 0.5, 0.35]","[0.7894736842105263, 0.896551724137931, 0.2857142857142857, 0.7960526315789473, 0.5555555555555556, 0.6363636363636364]","[0.5882352941176471, 0.9454545454545454, 0.3076923076923077, 0.8491228070175438, 0.5263157894736842, 0.45161290322580644]"
inceptionv3,224,3,0.5654858952334842,0.7948559410036921,0.7920353982300885,0.5630705517450484,0.5725106588309855,"[0.5, 0.8928571428571429, 0.3333333333333333, 0.8926174496644296, 0.375, 0.38461538461538464]","[0.5789473684210527, 0.8620689655172413, 0.2857142857142857, 0.875, 0.3333333333333333, 0.5]","[0.5365853658536586, 0.8771929824561403, 0.3076923076923077, 0.8837209302325582, 0.35294117647058826, 0.43478260869565216]"
inceptionv3,224,4,0.6732474203605275,0.8458310632499292,0.8407079646017699,0.6603524189731087,0.6995542015959438,"[0.5769230769230769, 0.9310344827586207, 0.5, 0.9370629370629371, 0.46153846153846156, 0.5555555555555556]","[0.7894736842105263, 0.9310344827586207, 0.42857142857142855, 0.881578947368421, 0.6666666666666666, 0.5]","[0.6666666666666666, 0.9310344827586207, 0.46153846153846156, 0.9084745762711864, 0.5454545454545454, 0.5263157894736842]"
inceptionv3,224,5,0.6640546875624994,0.8449277437386065,0.8407079646017699,0.6556591998402342,0.6825669156551509,"[0.5625, 0.896551724137931, 0.7142857142857143, 0.9391891891891891, 0.25, 0.5714285714285714]","[0.5, 0.9285714285714286, 0.625, 0.9084967320261438, 0.3333333333333333, 0.8]","[0.5294117647058824, 0.9122807017543859, 0.6666666666666666, 0.9235880398671097, 0.2857142857142857, 0.6666666666666666]"
inceptionv3,224,6,0.6696846038951302,0.8232198540568584,0.8149779735682819,0.6291225408291972,0.7305451127819548,"[0.6, 0.8529411764705882, 0.4444444444444444, 0.9398496240601504, 0.4375, 0.5]","[0.7894736842105263, 1.0, 0.5714285714285714, 0.8223684210526315, 0.7, 0.5]","[0.6818181818181818, 0.9206349206349206, 0.5, 0.8771929824561403, 0.5384615384615384, 0.5]"
inceptionv3,224,7,0.6944708393393756,0.8512442570067738,0.8458149779735683,0.6710232754152484,0.7390451267493011,"[0.6842105263157895, 0.8518518518518519, 0.46153846153846156, 0.9452054794520548, 0.5, 0.5833333333333334]","[0.6842105263157895, 0.7931034482758621, 0.8571428571428571, 0.9078947368421053, 0.5555555555555556, 0.6363636363636364]","[0.6842105263157895, 0.8214285714285714, 0.6, 0.9261744966442953, 0.5263157894736842, 0.6086956521739131]"
inceptionv3,224,8,0.6533858068993528,0.823030117084163,0.8097345132743363,0.6284416910915712,0.6939113828632886,"[0.5833333333333334, 0.9259259259259259, 0.5, 0.9280575539568345, 0.25, 0.5833333333333334]","[0.7368421052631579, 0.8620689655172413, 0.5714285714285714, 0.8486842105263158, 0.4444444444444444, 0.7]","[0.6511627906976745, 0.8928571428571429, 0.5333333333333333, 0.8865979381443299, 0.32, 0.6363636363636364]"
inceptionv3,224,9,0.6091342820653166,0.7922180081472117,0.7787610619469026,0.5769295499309168,0.6607174065431778,"[0.4782608695652174, 0.896551724137931, 0.375, 0.9117647058823529, 0.26666666666666666, 0.5333333333333333]","[0.5789473684210527, 0.896551724137931, 0.42857142857142855, 0.8157894736842105, 0.4444444444444444, 0.8]","[0.5238095238095238, 0.896551724137931, 0.4, 0.8611111111111112, 0.3333333333333333, 0.64]"
inceptionv3,224,10,0.6477135298563869,0.8181847370216523,0.8097345132743363,0.6295958422053541,0.6929038281979459,"[0.5454545454545454, 0.9642857142857143, 0.5, 0.9148936170212766, 0.5, 0.35294117647058826]","[0.6666666666666666, 0.9642857142857143, 0.75, 0.8431372549019608, 0.3333333333333333, 0.6]","[0.6, 0.9642857142857143, 0.6, 0.8775510204081632, 0.4, 0.4444444444444444]"
inceptionv3,224,11,0.5874248841903829,0.7891701077103074,0.7797356828193832,0.594514511310286,0.6237911589318124,"[0.52, 0.875, 0.5, 0.9084507042253521, 0.4, 0.36363636363636365]","[0.6842105263157895, 0.7241379310344828, 0.2857142857142857, 0.8486842105263158, 0.4, 0.8]","[0.5909090909090909, 0.7924528301886793, 0.36363636363636365, 0.8775510204081632, 0.4, 0.5]"
inceptionv3,224,12,0.6463322586249768,0.8237168634359033,0.8149779735682819,0.6178571428571429,0.6977183685441398,"[0.6, 0.9285714285714286, 0.5, 0.9285714285714286, 0.25, 0.5]","[0.7894736842105263, 0.896551724137931, 0.8571428571428571, 0.8552631578947368, 0.3333333333333333, 0.45454545454545453]","[0.6818181818181818, 0.9122807017543859, 0.631578947368421, 0.8904109589041096, 0.2857142857142857, 0.47619047619047616]"
inceptionv3,224,13,0.5931348805272395,0.8030748734733987,0.7920353982300885,0.567330409176932,0.636618965997369,"[0.5384615384615384, 0.9629629629629629, 0.3, 0.9136690647482014, 0.2222222222222222, 0.4666666666666667]","[0.7368421052631579, 0.896551724137931, 0.42857142857142855, 0.8355263157894737, 0.2222222222222222, 0.7]","[0.6222222222222222, 0.9285714285714286, 0.35294117647058826, 0.872852233676976, 0.2222222222222222, 0.56]"
inceptionv3,224,14,0.6786001856297458,0.8392542536250546,0.827433628318584,0.6526815776815776,0.7268724973352921,"[0.7, 0.9642857142857143, 0.4444444444444444, 0.9285714285714286, 0.3333333333333333, 0.5454545454545454]","[0.7368421052631579, 0.9310344827586207, 0.5714285714285714, 0.8552631578947368, 0.6666666666666666, 0.6]","[0.717948717948718, 0.9473684210526315, 0.5, 0.8904109589041096, 0.4444444444444444, 0.5714285714285714]"
inceptionv3,224,15,0.6329994360536956,0.8076768482750935,0.7920353982300885,0.5902839068416698,0.7094498910675382,"[0.4583333333333333, 0.9655172413793104, 0.3333333333333333, 0.9389312977099237, 0.375, 0.47058823529411764]","[0.6111111111111112, 1.0, 0.375, 0.803921568627451, 0.6666666666666666, 0.8]","[0.5238095238095238, 0.9824561403508771, 0.35294117647058826, 0.8661971830985915, 0.48, 0.5925925925925926]"
resnet101,192,1,0.7125820648234441,0.8559987300075405,0.8414096916299559,0.748320359679386,0.7659839253305677,"[0.7777777777777778, 0.8620689655172413, 1.0, 0.9705882352941176, 0.34615384615384615, 0.5333333333333333]","[0.7368421052631579, 0.8620689655172413, 0.42857142857142855, 0.868421052631579, 0.9, 0.8]","[0.7567567567567568, 0.8620689655172413, 0.6, 0.9166666666666666, 0.5, 0.64]"
resnet101,192,2,0.7619640747851633,0.8738479816879591,0.8678414096916299,0.7481553221648599,0.7962163114159485,"[0.6206896551724138, 0.9642857142857143, 0.7142857142857143, 0.950354609929078, 0.46153846153846156, 0.7777777777777778]","[0.9473684210526315, 0.9310344827586207, 0.7142857142857143, 0.881578947368421, 0.6666666666666666, 0.6363636363636364]","[0.75, 0.9473684210526315, 0.7142857142857143, 0.9146757679180887, 0.5454545454545454, 0.7]"
resnet101,192,3,0.7135804118362259,0.8706615107469192,0.8672566371681416,0.7072411286617103,0.7255877961186492,"[0.6666666666666666, 0.9259259259259259, 0.6666666666666666, 0.9463087248322147, 0.45454545454545453, 0.5833333333333334]","[0.7368421052631579, 0.8620689655172413, 0.5714285714285714, 0.9276315789473685, 0.5555555555555556, 0.7]","[0.7, 0.8928571428571429, 0.6153846153846154, 0.9368770764119602, 0.5, 0.6363636363636364]"
resnet101,192,4,0.8353541499887269,0.9213577652325424,0.915929203539823,0.8063145776774882,0.888422324969512,"[0.8571428571428571, 0.9655172413793104, 0.8333333333333334, 0.9858156028368794, 0.6666666666666666, 0.5294117647058824]","[0.9473684210526315, 0.9655172413793104, 0.7142857142857143, 0.9144736842105263, 0.8888888888888888, 0.9]","[0.9, 0.9655172413793104, 0.7692307692307693, 0.9488054607508533, 0.7619047619047619, 0.6666666666666666]"
resnet101,192,5,0.8043133122467486,0.9097207075233872,0.911504424778761,0.8127320198649454,0.7993191721132898,"[0.8666666666666667, 0.9655172413793104, 0.875, 0.9419354838709677, 0.5, 0.7272727272727273]","[0.7222222222222222, 1.0, 0.875, 0.954248366013072, 0.4444444444444444, 0.8]","[0.7878787878787878, 0.9824561403508771, 0.875, 0.948051948051948, 0.47058823529411764, 0.7619047619047619]"
resnet101,192,6,0.7525103249241182,0.8823153520404013,0.8810572687224669,0.7955341408243247,0.777039581712903,"[0.7391304347826086, 0.9310344827586207, 1.0, 0.9517241379310345, 0.5263157894736842, 0.625]","[0.8947368421052632, 0.9310344827586207, 0.42857142857142855, 0.9078947368421053, 1.0, 0.5]","[0.8095238095238095, 0.9310344827586207, 0.6, 0.9292929292929293, 0.6896551724137931, 0.5555555555555556]"
resnet101,192,7,0.7659176572220051,0.8898357595925113,0.8854625550660793,0.7495544483122124,0.7900051526412688,"[0.6956521739130435, 0.9615384615384616, 0.7142857142857143, 0.9591836734693877, 0.5, 0.6666666666666666]","[0.8421052631578947, 0.8620689655172413, 0.7142857142857143, 0.9276315789473685, 0.6666666666666666, 0.7272727272727273]","[0.7619047619047619, 0.9090909090909091, 0.7142857142857143, 0.9431438127090301, 0.5714285714285714, 0.6956521739130435]"
resnet101,192,8,0.6756158071947547,0.8471063687644963,0.8362831858407079,0.7053591551563153,0.6966301049558763,"[0.7058823529411765, 0.9285714285714286, 0.5, 0.9310344827586207, 0.2916666666666667, 0.875]","[0.631578947368421, 0.896551724137931, 0.2857142857142857, 0.8881578947368421, 0.7777777777777778, 0.7]","[0.6666666666666666, 0.9122807017543859, 0.36363636363636365, 0.9090909090909091, 0.42424242424242425, 0.7777777777777778]"
resnet101,192,9,0.7794631724716834,0.8803171842618517,0.8761061946902655,0.7536428946640213,0.8148599468018706,"[0.6363636363636364, 0.875, 0.7142857142857143, 0.9577464788732394, 0.5384615384615384, 0.8]","[0.7368421052631579, 0.9655172413793104, 0.7142857142857143, 0.8947368421052632, 0.7777777777777778, 0.8]","[0.6829268292682927, 0.9180327868852459, 0.7142857142857143, 0.9251700680272109, 0.6363636363636364, 0.8]"
resnet101,192,10,0.7605006105006105,0.8831994554118449,0.8805309734513275,0.7652803545660688,0.7787970743853095,"[0.6818181818181818, 0.9642857142857143, 0.8, 0.9455782312925171, 0.6666666666666666, 0.5333333333333333]","[0.8333333333333334, 0.9642857142857143, 0.5, 0.9084967320261438, 0.6666666666666666, 0.8]","[0.75, 0.9642857142857143, 0.6153846153846154, 0.9266666666666666, 0.6666666666666666, 0.64]"
resnet101,192,11,0.6955770406617865,0.8501092476303407,0.8414096916299559,0.6827713027713028,0.7219849191945381,"[0.48, 0.8888888888888888, 0.6666666666666666, 0.958041958041958, 0.4666666666666667, 0.6363636363636364]","[0.631578947368421, 0.8275862068965517, 0.5714285714285714, 0.9013157894736842, 0.7, 0.7]","[0.5454545454545454, 0.8571428571428571, 0.6153846153846154, 0.9288135593220339, 0.56, 0.6666666666666666]"
resnet101,192,12,0.7508804806147937,0.8867971825002229,0.8898678414096917,0.7747251508914795,0.7434861972067054,"[0.7619047619047619, 0.896551724137931, 0.8333333333333334, 0.9411764705882353, 0.6, 0.6153846153846154]","[0.8421052631578947, 0.896551724137931, 0.7142857142857143, 0.9473684210526315, 0.3333333333333333, 0.7272727272727273]","[0.8, 0.896551724137931, 0.7692307692307693, 0.9442622950819672, 0.42857142857142855, 0.6666666666666666]"
resnet101,192,13,0.721929703744105,0.8787176143715438,0.8805309734513275,0.7535381285381287,0.7249542678535419,"[0.7272727272727273, 1.0, 0.5, 0.9285714285714286, 0.75, 0.6153846153846154]","[0.8421052631578947, 0.8620689655172413, 0.5714285714285714, 0.9407894736842105, 0.3333333333333333, 0.8]","[0.7804878048780488, 0.9259259259259259, 0.5333333333333333, 0.934640522875817, 0.46153846153846156, 0.6956521739130435]"
resnet101,192,14,0.744280114596796,0.885750952010139,0.8805309734513275,0.7141934697855751,0.7837228367854503,"[0.8421052631578947, 0.8666666666666667, 0.4444444444444444, 0.9652777777777778, 0.5833333333333334, 0.5833333333333334]","[0.8421052631578947, 0.896551724137931, 0.5714285714285714, 0.9144736842105263, 0.7777777777777778, 0.7]","[0.8421052631578947, 0.8813559322033898, 0.5, 0.9391891891891891, 0.6666666666666666, 0.6363636363636364]"
resnet101,192,15,0.8558831719822432,0.919314293020422,0.9203539823008848,0.8564257225007732,0.8588779956427016,"[0.75, 0.9655172413793104, 0.8571428571428571, 0.9477124183006536, 0.8, 0.8181818181818182]","[0.6666666666666666, 1.0, 0.75, 0.9477124183006536, 0.8888888888888888, 0.9]","[0.7058823529411765, 0.9824561403508771, 0.8, 0.9477124183006536, 0.8421052631578947, 0.8571428571428571]"
resnet101,224,1,0.7515051615051616,0.8906416637694172,0.8854625550660793,0.7213853010536336,0.7933929651715496,"[0.7, 0.8709677419354839, 0.5714285714285714, 0.9859154929577465, 0.5333333333333333, 0.6666666666666666]","[0.7368421052631579, 0.9310344827586207, 0.5714285714285714, 0.9210526315789473, 0.8, 0.8]","[0.717948717948718, 0.9, 0.5714285714285714, 0.9523809523809523, 0.64, 0.7272727272727273]"
resnet101,224,2,0.7842344527241553,0.8731501967511907,0.8634361233480177,0.7604870971377057,0.8376270919374368,"[0.5862068965517241, 1.0, 0.8333333333333334, 0.9558823529411765, 0.4375, 0.75]","[0.8947368421052632, 0.9655172413793104, 0.7142857142857143, 0.8552631578947368, 0.7777777777777778, 0.8181818181818182]","[0.7083333333333334, 0.9824561403508771, 0.7692307692307693, 0.9027777777777778, 0.56, 0.782608695652174]"
resnet101,224,3,0.7477150489050958,0.8575140086917691,0.8495575221238938,0.7397602397602397,0.7722564313081555,"[0.5, 0.9230769230769231, 0.8333333333333334, 0.9440559440559441, 0.6666666666666666, 0.5714285714285714]","[0.7368421052631579, 0.8275862068965517, 0.7142857142857143, 0.8881578947368421, 0.6666666666666666, 0.8]","[0.5957446808510638, 0.8727272727272727, 0.7692307692307693, 0.9152542372881356, 0.6666666666666666, 0.6666666666666666]"
resnet101,224,4,0.8438299533487794,0.9275294963572293,0.9247787610619468,0.8270467229371339,0.8752644302326699,"[0.8888888888888888, 0.9333333333333333, 0.8333333333333334, 0.9794520547945206, 0.7272727272727273, 0.6]","[0.8421052631578947, 0.9655172413793104, 0.7142857142857143, 0.9407894736842105, 0.8888888888888888, 0.9]","[0.8648648648648649, 0.9491525423728814, 0.7692307692307693, 0.959731543624161, 0.8, 0.72]"
resnet101,224,5,0.811923748765854,0.9068696479735138,0.9070796460176992,0.8279446298356198,0.8000816993464053,"[0.8666666666666667, 0.9655172413793104, 1.0, 0.9354838709677419, 0.5, 0.7]","[0.7222222222222222, 1.0, 0.875, 0.9477124183006536, 0.5555555555555556, 0.7]","[0.7878787878787878, 0.9824561403508771, 0.9333333333333333, 0.9415584415584416, 0.5263157894736842, 0.7]"
resnet101,224,6,0.7937290636239176,0.9092685980831284,0.9118942731277532,0.8516887709991158,0.7886137758188575,"[0.6923076923076923, 0.9655172413793104, 1.0, 0.96, 0.6923076923076923, 0.8]","[0.9473684210526315, 0.9655172413793104, 0.5714285714285714, 0.9473684210526315, 0.9, 0.4]","[0.8, 0.9655172413793104, 0.7272727272727273, 0.9536423841059603, 0.782608695652174, 0.5333333333333333]"
resnet101,224,7,0.7686906421758445,0.9005205110113349,0.8986784140969163,0.752418349733786,0.7934896781312389,"[0.7727272727272727, 1.0, 0.6666666666666666, 0.959731543624161, 0.5, 0.6153846153846154]","[0.8947368421052632, 0.896551724137931, 0.8571428571428571, 0.9407894736842105, 0.4444444444444444, 0.7272727272727273]","[0.8292682926829268, 0.9454545454545454, 0.75, 0.9501661129568106, 0.47058823529411764, 0.6666666666666666]"
resnet101,224,8,0.7326068264066691,0.8786158975689402,0.8805309734513275,0.7461767008125707,0.7209758111754482,"[0.7058823529411765, 0.9310344827586207, 0.6666666666666666, 0.9290322580645162, 0.4444444444444444, 0.8]","[0.631578947368421, 0.9310344827586207, 0.5714285714285714, 0.9473684210526315, 0.4444444444444444, 0.8]","[0.6666666666666666, 0.9310344827586207, 0.6153846153846154, 0.9381107491856677, 0.4444444444444444, 0.8]"
resnet101,224,9,0.7920281879157883,0.8904920239583507,0.8849557522123894,0.7774820574162681,0.8249476661001163,"[0.6842105263157895, 0.9333333333333333, 0.8333333333333334, 0.9583333333333334, 0.4375, 0.8181818181818182]","[0.6842105263157895, 0.9655172413793104, 0.7142857142857143, 0.9078947368421053, 0.7777777777777778, 0.9]","[0.6842105263157895, 0.9491525423728814, 0.7692307692307693, 0.9324324324324325, 0.56, 0.8571428571428571]"
resnet101,224,10,0.7385175127624793,0.8814989960205852,0.8761061946902655,0.7184403777643342,0.7781707127295362,"[0.7894736842105263, 1.0, 0.625, 0.9517241379310345, 0.4444444444444444, 0.5]","[0.8333333333333334, 0.9642857142857143, 0.625, 0.9019607843137255, 0.4444444444444444, 0.9]","[0.8108108108108109, 0.9818181818181818, 0.625, 0.9261744966442953, 0.4444444444444444, 0.6428571428571429]"
resnet101,224,11,0.7421218365757615,0.8674630903352468,0.8590308370044053,0.7325988563577216,0.7775127473857056,"[0.5384615384615384, 0.9259259259259259, 0.8, 0.9645390070921985, 0.5, 0.6666666666666666]","[0.7368421052631579, 0.8620689655172413, 0.5714285714285714, 0.8947368421052632, 0.8, 0.8]","[0.6222222222222222, 0.8928571428571429, 0.6666666666666666, 0.9283276450511946, 0.6153846153846154, 0.7272727272727273]"
resnet101,224,12,0.778430081938854,0.8979846715529536,0.8942731277533039,0.7567531067765246,0.8061500407235435,"[0.8421052631578947, 0.9032258064516129, 0.7142857142857143, 0.9655172413793104, 0.5, 0.6153846153846154]","[0.8421052631578947, 0.9655172413793104, 0.7142857142857143, 0.9210526315789473, 0.6666666666666666, 0.7272727272727273]","[0.8421052631578947, 0.9333333333333333, 0.7142857142857143, 0.9427609427609428, 0.5714285714285714, 0.6666666666666666]"
resnet101,224,13,0.7353261037992581,0.8837971869056682,0.8805309734513275,0.7138546186789188,0.7750309682251606,"[0.6956521739130435, 1.0, 0.6666666666666666, 0.958904109589041, 0.42857142857142855, 0.5333333333333333]","[0.8421052631578947, 0.896551724137931, 0.8571428571428571, 0.9210526315789473, 0.3333333333333333, 0.8]","[0.7619047619047619, 0.9454545454545454, 0.75, 0.9395973154362416, 0.375, 0.64]"
resnet101,224,14,0.7738188596187555,0.9039576242744836,0.9026548672566372,0.7703872837978798,0.7824835076196237,"[0.8571428571428571, 0.9615384615384616, 0.6666666666666666, 0.9536423841059603, 0.6, 0.5833333333333334]","[0.9473684210526315, 0.8620689655172413, 0.5714285714285714, 0.9473684210526315, 0.6666666666666666, 0.7]","[0.9, 0.9090909090909091, 0.6153846153846154, 0.9504950495049505, 0.631578947368421, 0.6363636363636364]"
resnet101,224,15,0.842815037471917,0.9065313614528514,0.9070796460176992,0.8524747474747475,0.8532952069716776,"[0.6666666666666666, 0.9333333333333333, 1.0, 0.9466666666666667, 0.8181818181818182, 0.75]","[0.6666666666666666, 1.0, 0.625, 0.9281045751633987, 1.0, 0.9]","[0.6666666666666666, 0.9655172413793104, 0.7692307692307693, 0.9372937293729373, 0.9, 0.8181818181818182]"
vgg16,192,1,0.6975973997230249,0.8369935668989111,0.8237885462555066,0.6598559741103601,0.7649641344741164,"[0.6363636363636364, 0.9285714285714286, 0.625, 0.9481481481481482, 0.4, 0.42105263157894735]","[0.7368421052631579, 0.896551724137931, 0.7142857142857143, 0.8421052631578947, 0.6, 0.8]","[0.6829268292682927, 0.9122807017543859, 0.6666666666666666, 0.89198606271777, 0.48, 0.5517241379310345]"
vgg16,192,2,0.7834249084249084,0.8896964779458554,0.8854625550660793,0.779093956423149,0.8026734264256951,"[0.6956521739130435, 1.0, 0.8333333333333334, 0.9455782312925171, 0.5, 0.7]","[0.8421052631578947, 0.9310344827586207, 0.7142857142857143, 0.9144736842105263, 0.7777777777777778, 0.6363636363636364]","[0.7619047619047619, 0.9642857142857143, 0.7692307692307693, 0.9297658862876255, 0.6086956521739131, 0.6666666666666666]"
vgg16,192,3,0.6707902743541755,0.8457516979523027,0.8451327433628318,0.6855854666101345,0.6640868214597797,"[0.6470588235294118, 0.9615384615384616, 0.6666666666666666, 0.9096774193548387, 0.5, 0.42857142857142855]","[0.5789473684210527, 0.8620689655172413, 0.5714285714285714, 0.9276315789473685, 0.4444444444444444, 0.6]","[0.6111111111111112, 0.9090909090909091, 0.6153846153846154, 0.9185667752442996, 0.47058823529411764, 0.5]"
vgg16,192,4,0.7136179707791929,0.8454702745631949,0.831858407079646,0.6681859701936834,0.7960002976790636,"[0.7142857142857143, 0.9655172413793104, 0.5555555555555556, 0.9473684210526315, 0.3888888888888889, 0.4375]","[0.7894736842105263, 0.9655172413793104, 0.7142857142857143, 0.8289473684210527, 0.7777777777777778, 0.7]","[0.75, 0.9655172413793104, 0.625, 0.8842105263157894, 0.5185185185185185, 0.5384615384615384]"
vgg16,192,5,0.7849738032864968,0.9121319165049132,0.9070796460176992,0.7709677261709281,0.8122549019607842,"[0.9375, 0.9655172413793104, 0.75, 0.9727891156462585, 0.5, 0.5]","[0.8333333333333334, 1.0, 0.75, 0.934640522875817, 0.5555555555555556, 0.8]","[0.8823529411764706, 0.9824561403508771, 0.75, 0.9533333333333334, 0.5263157894736842, 0.6153846153846154]"
vgg16,192,6,0.7904175248316737,0.8938543163157578,0.8898678414096917,0.7695575034284712,0.8216338259441708,"[0.7619047619047619, 0.9032258064516129, 0.8333333333333334, 0.965034965034965, 0.6923076923076923, 0.46153846153846156]","[0.8421052631578947, 0.9655172413793104, 0.7142857142857143, 0.9078947368421053, 0.9, 0.6]","[0.8, 0.9333333333333333, 0.7692307692307693, 0.9355932203389831, 0.782608695652174, 0.5217391304347826]"
vgg16,192,7,0.769939664854919,0.8788579299443183,0.8722466960352423,0.7570602277839119,0.8091183200076123,"[0.8125, 0.9333333333333333, 0.8333333333333334, 0.951048951048951, 0.5384615384615384, 0.47368421052631576]","[0.6842105263157895, 0.9655172413793104, 0.7142857142857143, 0.8947368421052632, 0.7777777777777778, 0.8181818181818182]","[0.7428571428571429, 0.9491525423728814, 0.7692307692307693, 0.9220338983050848, 0.6363636363636364, 0.6]"
vgg16,192,8,0.6610207794419257,0.8313461444125234,0.8230088495575221,0.6477166212782651,0.6848747827422964,"[0.5909090909090909, 0.96, 0.5714285714285714, 0.9178082191780822, 0.3076923076923077, 0.5384615384615384]","[0.6842105263157895, 0.8275862068965517, 0.5714285714285714, 0.881578947368421, 0.4444444444444444, 0.7]","[0.6341463414634146, 0.8888888888888888, 0.5714285714285714, 0.8993288590604027, 0.36363636363636365, 0.6086956521739131]"
vgg16,192,9,0.7883930794513064,0.8785933261718291,0.8716814159292036,0.7690119719088697,0.8416597048175997,"[0.6818181818181818, 0.90625, 1.0, 0.9635036496350365, 0.5, 0.5625]","[0.7894736842105263, 1.0, 0.7142857142857143, 0.868421052631579, 0.7777777777777778, 0.9]","[0.7317073170731707, 0.9508196721311475, 0.8333333333333334, 0.9134948096885813, 0.6086956521739131, 0.6923076923076923]"
vgg16,192,10,0.7611220696260883,0.8787934056302568,0.8716814159292036,0.7414371299570357,0.8060846560846562,"[0.6666666666666666, 0.9310344827586207, 0.8571428571428571, 0.9645390070921985, 0.5555555555555556, 0.47368421052631576]","[0.7777777777777778, 0.9642857142857143, 0.75, 0.8888888888888888, 0.5555555555555556, 0.9]","[0.717948717948718, 0.9473684210526315, 0.8, 0.9251700680272109, 0.5555555555555556, 0.6206896551724138]"
vgg16,192,11,0.7277747086357488,0.8687142931191288,0.8634361233480177,0.7213969658483169,0.7564568749459858,"[0.7333333333333333, 0.8709677419354839, 0.8333333333333334, 0.9586206896551724, 0.46153846153846156, 0.47058823529411764]","[0.5789473684210527, 0.9310344827586207, 0.7142857142857143, 0.9144736842105263, 0.6, 0.8]","[0.6470588235294118, 0.9, 0.7692307692307693, 0.936026936026936, 0.5217391304347826, 0.5925925925925926]"
vgg16,192,12,0.7472545219638244,0.8878277742815187,0.8898678414096917,0.7517934749613685,0.751058517505886,"[0.7083333333333334, 0.9354838709677419, 0.7142857142857143, 0.9463087248322147, 0.42857142857142855, 0.7777777777777778]","[0.8947368421052632, 1.0, 0.7142857142857143, 0.9276315789473685, 0.3333333333333333, 0.6363636363636364]","[0.7906976744186046, 0.9666666666666667, 0.7142857142857143, 0.9368770764119602, 0.375, 0.7]"
vgg16,192,13,0.686098872140999,0.8428566002245601,0.831858407079646,0.6632275132275132,0.7519664822976982,"[0.6666666666666666, 0.9, 0.6, 0.9555555555555556, 0.42857142857142855, 0.42857142857142855]","[0.7368421052631579, 0.9310344827586207, 0.42857142857142855, 0.8486842105263158, 0.6666666666666666, 0.9]","[0.7, 0.9152542372881356, 0.5, 0.8989547038327527, 0.5217391304347826, 0.5806451612903226]"
vgg16,192,14,0.7051285453734529,0.8651254759228114,0.8584070796460177,0.7468455418697161,0.7176584900949692,"[0.75, 0.9642857142857143, 1.0, 0.9383561643835616, 0.4166666666666667, 0.4117647058823529]","[0.7894736842105263, 0.9310344827586207, 0.42857142857142855, 0.9013157894736842, 0.5555555555555556, 0.7]","[0.7692307692307693, 0.9473684210526315, 0.6, 0.9194630872483222, 0.47619047619047616, 0.5185185185185185]"
vgg16,192,15,0.7670352170352172,0.8768856950272881,0.8716814159292036,0.7323398458266879,0.8146514161220044,"[0.7368421052631579, 1.0, 0.5, 0.9375, 0.6363636363636364, 0.5833333333333334]","[0.7777777777777778, 1.0, 0.75, 0.8823529411764706, 0.7777777777777778, 0.7]","[0.7567567567567568, 1.0, 0.6, 0.9090909090909091, 0.7, 0.6363636363636364]"
vgg16,224,1,0.692849196990997,0.8341884684049974,0.8193832599118943,0.6803777816111781,0.7379105090311987,"[0.4838709677419355, 0.9, 0.8, 0.9621212121212122, 0.35294117647058826, 0.5833333333333334]","[0.7894736842105263, 0.9310344827586207, 0.5714285714285714, 0.8355263157894737, 0.6, 0.7]","[0.6, 0.9152542372881356, 0.6666666666666666, 0.8943661971830986, 0.4444444444444444, 0.6363636363636364]"
vgg16,224,2,0.7774090143180241,0.8693581926620001,0.8634361233480177,0.7744988344988345,0.8018416054940557,"[0.64, 1.0, 1.0, 0.9300699300699301, 0.5384615384615384, 0.5384615384615384]","[0.8421052631578947, 0.9655172413793104, 0.7142857142857143, 0.875, 0.7777777777777778, 0.6363636363636364]","[0.7272727272727273, 0.9824561403508771, 0.8333333333333334, 0.9016949152542373, 0.6363636363636364, 0.5833333333333334]"
vgg16,224,3,0.7180535068066467,0.866219357727299,0.8628318584070797,0.7485057471264369,0.7163705480175535,"[0.7777777777777778, 0.9310344827586207, 0.8, 0.9266666666666666, 0.6666666666666666, 0.3888888888888889]","[0.7368421052631579, 0.9310344827586207, 0.5714285714285714, 0.9144736842105263, 0.4444444444444444, 0.7]","[0.7567567567567568, 0.9310344827586207, 0.6666666666666666, 0.9205298013245033, 0.5333333333333333, 0.5]"
vgg16,224,4,0.7737578524243901,0.8952410506189132,0.8805309734513275,0.745703062369729,0.8454852408799778,"[0.9444444444444444, 0.9666666666666667, 0.7142857142857143, 0.9851851851851852, 0.36363636363636365, 0.5]","[0.8947368421052632, 1.0, 0.7142857142857143, 0.875, 0.8888888888888888, 0.7]","[0.918918918918919, 0.9830508474576272, 0.7142857142857143, 0.926829268292683, 0.5161290322580645, 0.5833333333333334]"
vgg16,224,5,0.7716159878801779,0.904122072252706,0.8982300884955752,0.7425925925925926,0.8108387799564271,"[0.85, 1.0, 0.6666666666666666, 0.9722222222222222, 0.5, 0.4666666666666667]","[0.9444444444444444, 1.0, 0.75, 0.9150326797385621, 0.5555555555555556, 0.7]","[0.8947368421052632, 1.0, 0.7058823529411765, 0.9427609427609428, 0.5263157894736842, 0.56]"
vgg16,224,6,0.7562483185364542,0.8852437129559506,0.8810572687224669,0.7474760533584063,0.7888330740644715,"[0.8095238095238095, 0.9333333333333333, 0.8, 0.958041958041958, 0.5294117647058824, 0.45454545454545453]","[0.8947368421052632, 0.9655172413793104, 0.5714285714285714, 0.9013157894736842, 0.9, 0.5]","[0.85, 0.9491525423728814, 0.6666666666666666, 0.9288135593220339, 0.6666666666666666, 0.47619047619047616]"
vgg16,224,7,0.770706519327209,0.8733058924248351,0.8678414096916299,0.768497695596646,0.7906120229169232,"[0.6521739130434783, 0.9310344827586207, 1.0, 0.9444444444444444, 0.5833333333333334, 0.5]","[0.7894736842105263, 0.9310344827586207, 0.7142857142857143, 0.8947368421052632, 0.7777777777777778, 0.6363636363636364]","[0.7142857142857143, 0.9310344827586207, 0.8333333333333334, 0.918918918918919, 0.6666666666666666, 0.56]"
vgg16,224,8,0.7388471782155485,0.8795997827536643,0.8805309734513275,0.7562900603075368,0.7294098512564937,"[0.6521739130434783, 0.9259259259259259, 0.6, 0.934640522875817, 0.625, 0.8]","[0.7894736842105263, 0.8620689655172413, 0.42857142857142855, 0.9407894736842105, 0.5555555555555556, 0.8]","[0.7142857142857143, 0.8928571428571429, 0.5, 0.9377049180327869, 0.5882352941176471, 0.8]"
vgg16,224,9,0.7894611261768806,0.904411697524337,0.8982300884955752,0.7746099284702225,0.8229218880534671,"[0.9411764705882353, 0.90625, 0.8333333333333334, 0.972027972027972, 0.46153846153846156, 0.5333333333333333]","[0.8421052631578947, 1.0, 0.7142857142857143, 0.9144736842105263, 0.6666666666666666, 0.8]","[0.8888888888888888, 0.9508196721311475, 0.7692307692307693, 0.9423728813559322, 0.5454545454545454, 0.64]"
vgg16,224,10,0.7558923311418525,0.86674584274895,0.8584070796460177,0.7438693513935255,0.7827692187986305,"[0.5714285714285714, 1.0, 0.875, 0.9383561643835616, 0.6666666666666666, 0.4117647058823529]","[0.6666666666666666, 0.8928571428571429, 0.875, 0.8954248366013072, 0.6666666666666666, 0.7]","[0.6153846153846154, 0.9433962264150944, 0.875, 0.9163879598662207, 0.6666666666666666, 0.5185185185185185]"
vgg16,224,11,0.6327024513736527,0.8235779545474903,0.8193832599118943,0.6079242291140371,0.673377409039841,"[0.5882352941176471, 0.8620689655172413, 0.5454545454545454, 0.9315068493150684, 0.18181818181818182, 0.5384615384615384]","[0.5263157894736842, 0.8620689655172413, 0.8571428571428571, 0.8947368421052632, 0.2, 0.7]","[0.5555555555555556, 0.8620689655172413, 0.6666666666666666, 0.912751677852349, 0.19047619047619047, 0.6086956521739131]"
vgg16,224,12,0.6971798530275407,0.8698210426652686,0.8678414096916299,0.6889721507347787,0.7062285197493908,"[0.7894736842105263, 0.9333333333333333, 0.5714285714285714, 0.9395973154362416, 0.4, 0.5]","[0.7894736842105263, 0.9655172413793104, 0.5714285714285714, 0.9210526315789473, 0.4444444444444444, 0.5454545454545454]","[0.7894736842105263, 0.9491525423728814, 0.5714285714285714, 0.9302325581395349, 0.42105263157894735, 0.5217391304347826]"
vgg16,224,13,0.7143257194476708,0.8445201950123167,0.831858407079646,0.6797135734635735,0.7788042904195355,"[0.6153846153846154, 0.9629629629629629, 0.7142857142857143, 0.9481481481481482, 0.4375, 0.4]","[0.8421052631578947, 0.896551724137931, 0.7142857142857143, 0.8421052631578947, 0.7777777777777778, 0.6]","[0.7111111111111111, 0.9285714285714286, 0.7142857142857143, 0.89198606271777, 0.56, 0.48]"
vgg16,224,14,0.7480027331020708,0.8850923608029628,0.8893805309734514,0.7428019829632734,0.764452558599564,"[0.7619047619047619, 0.8709677419354839, 0.75, 0.9466666666666667, 0.4, 0.7272727272727273]","[0.8421052631578947, 0.9310344827586207, 0.8571428571428571, 0.9342105263157895, 0.2222222222222222, 0.8]","[0.8, 0.9, 0.8, 0.9403973509933775, 0.2857142857142857, 0.7619047619047619]"
vgg16,224,15,0.7907493123454223,0.8955721452797758,0.8938053097345132,0.7855741940179026,0.8077614379084967,"[0.8666666666666667, 1.0, 0.7142857142857143, 0.9337748344370861, 0.5833333333333334, 0.6153846153846154]","[0.7222222222222222, 1.0, 0.625, 0.9215686274509803, 0.7777777777777778, 0.8]","[0.7878787878787878, 1.0, 0.6666666666666666, 0.9276315789473685, 0.6666666666666666, 0.6956521739130435]"
vgg19,192,1,0.712088814305563,0.8422411229533472,0.8325991189427313,0.7036729005026107,0.7521195229452943,"[0.5, 0.9629629629629629, 0.8, 0.9420289855072463, 0.45454545454545453, 0.5625]","[0.7894736842105263, 0.896551724137931, 0.5714285714285714, 0.8552631578947368, 0.5, 0.9]","[0.6122448979591837, 0.9285714285714286, 0.6666666666666666, 0.896551724137931, 0.47619047619047616, 0.6923076923076923]"
vgg19,192,2,0.7392717100675621,0.8780511299904137,0.8722466960352423,0.719357781426747,0.7704863866388368,"[0.9, 0.9655172413793104, 0.5555555555555556, 0.9379310344827586, 0.35714285714285715, 0.6]","[0.9473684210526315, 0.9655172413793104, 0.7142857142857143, 0.8947368421052632, 0.5555555555555556, 0.5454545454545454]","[0.9230769230769231, 0.9655172413793104, 0.625, 0.9158249158249159, 0.43478260869565216, 0.5714285714285714]"
vgg19,192,3,0.7628011996864456,0.895267438361882,0.8938053097345132,0.7687825972139697,0.7613822631290871,"[0.7777777777777778, 0.9629629629629629, 0.8333333333333334, 0.9477124183006536, 0.5454545454545454, 0.5454545454545454]","[0.7368421052631579, 0.896551724137931, 0.7142857142857143, 0.9539473684210527, 0.6666666666666666, 0.6]","[0.7567567567567568, 0.9285714285714286, 0.7692307692307693, 0.9508196721311475, 0.6, 0.5714285714285714]"
vgg19,192,4,0.7779819631710553,0.8818174722646783,0.8716814159292036,0.7321283005493532,0.8518273653482366,"[0.7272727272727273, 0.9333333333333333, 0.75, 0.9777777777777777, 0.5833333333333334, 0.42105263157894735]","[0.8421052631578947, 0.9655172413793104, 0.8571428571428571, 0.868421052631579, 0.7777777777777778, 0.8]","[0.7804878048780488, 0.9491525423728814, 0.8, 0.9198606271777003, 0.6666666666666666, 0.5517241379310345]"
vgg19,192,5,0.7600499995404454,0.9024265946930959,0.9070796460176991,0.8047493569232701,0.7290421724245254,"[0.9333333333333333, 1.0, 0.8333333333333334, 0.9254658385093167, 0.5, 0.6363636363636364]","[0.7777777777777778, 0.9642857142857143, 0.625, 0.9738562091503268, 0.3333333333333333, 0.7]","[0.8484848484848485, 0.9818181818181818, 0.7142857142857143, 0.9490445859872612, 0.4, 0.6666666666666666]"
vgg19,192,6,0.809915824915825,0.9081787033328884,0.9030837004405287,0.8112527250425569,0.8328180364704867,"[0.8823529411764706, 0.9032258064516129, 1.0, 0.9724137931034482, 0.6428571428571429, 0.4666666666666667]","[0.7894736842105263, 0.9655172413793104, 0.7142857142857143, 0.9276315789473685, 0.9, 0.7]","[0.8333333333333334, 0.9333333333333333, 0.8333333333333334, 0.9494949494949495, 0.75, 0.56]"
vgg19,192,7,0.7621609823484875,0.9075397293970621,0.9030837004405287,0.7273438270078808,0.8316552876443982,"[0.8181818181818182, 1.0, 0.5454545454545454, 0.9929078014184397, 0.42857142857142855, 0.5789473684210527]","[0.9473684210526315, 0.9310344827586207, 0.8571428571428571, 0.9210526315789473, 0.3333333333333333, 1.0]","[0.8780487804878049, 0.9642857142857143, 0.6666666666666666, 0.9556313993174061, 0.375, 0.7333333333333333]"
vgg19,192,8,0.7105897283425046,0.8834689218928626,0.8761061946902655,0.6996814954051795,0.752871522676423,"[0.8571428571428571, 0.9, 0.5714285714285714, 0.9791666666666666, 0.4166666666666667, 0.47368421052631576]","[0.631578947368421, 0.9310344827586207, 0.5714285714285714, 0.9276315789473685, 0.5555555555555556, 0.9]","[0.7272727272727273, 0.9152542372881356, 0.5714285714285714, 0.9527027027027027, 0.47619047619047616, 0.6206896551724138]"
vgg19,192,9,0.8151379936276961,0.9101841234037829,0.9070796460176991,0.8079811263041076,0.8299915257492391,"[0.7391304347826086, 1.0, 0.8333333333333334, 0.9591836734693877, 0.7777777777777778, 0.5384615384615384]","[0.8947368421052632, 0.9655172413793104, 0.7142857142857143, 0.9276315789473685, 0.7777777777777778, 0.7]","[0.8095238095238095, 0.9824561403508771, 0.7692307692307693, 0.9431438127090301, 0.7777777777777778, 0.6086956521739131]"
vgg19,192,10,0.6582932515818423,0.8311802012639454,0.8230088495575221,0.6503664557921969,0.6859165888577654,"[0.5263157894736842, 0.9629629629629629, 0.6666666666666666, 0.9241379310344827, 0.38461538461538464, 0.4375]","[0.5555555555555556, 0.9285714285714286, 0.5, 0.8758169934640523, 0.5555555555555556, 0.7]","[0.5405405405405406, 0.9454545454545454, 0.5714285714285714, 0.8993288590604027, 0.45454545454545453, 0.5384615384615384]"
vgg19,192,11,0.6874276991089893,0.8333268189836438,0.8193832599118943,0.6390526793675648,0.7638676432460462,"[0.5384615384615384, 0.8666666666666667, 0.5555555555555556, 0.9694656488549618, 0.4666666666666667, 0.4375]","[0.7368421052631579, 0.896551724137931, 0.7142857142857143, 0.8355263157894737, 0.7, 0.7]","[0.6222222222222222, 0.8813559322033898, 0.625, 0.8975265017667845, 0.56, 0.5384615384615384]"
vgg19,192,12,0.7759045436581667,0.8928551472221267,0.8898678414096917,0.7701955782312925,0.7911935773777881,"[0.8095238095238095, 1.0, 0.8571428571428571, 0.9455782312925171, 0.5714285714285714, 0.4375]","[0.8947368421052632, 1.0, 0.8571428571428571, 0.9144736842105263, 0.4444444444444444, 0.6363636363636364]","[0.85, 1.0, 0.8571428571428571, 0.9297658862876255, 0.5, 0.5185185185185185]"
vgg19,192,13,0.7205512237260789,0.8709759956935424,0.8628318584070797,0.687291694383893,0.7743487070165836,"[0.6666666666666666, 0.9629629629629629, 0.5454545454545454, 0.9645390070921985, 0.5555555555555556, 0.42857142857142855]","[0.8421052631578947, 0.896551724137931, 0.8571428571428571, 0.8947368421052632, 0.5555555555555556, 0.6]","[0.7441860465116279, 0.9285714285714286, 0.6666666666666666, 0.9283276450511946, 0.5555555555555556, 0.5]"
vgg19,192,14,0.7168992789467711,0.8718816297740094,0.8672566371681416,0.7157338250577815,0.731644964902678,"[0.7894736842105263, 0.875, 0.8, 0.9517241379310345, 0.4166666666666667, 0.46153846153846156]","[0.7894736842105263, 0.9655172413793104, 0.5714285714285714, 0.9078947368421053, 0.5555555555555556, 0.6]","[0.7894736842105263, 0.9180327868852459, 0.6666666666666666, 0.9292929292929293, 0.47619047619047616, 0.5217391304347826]"
vgg19,192,15,0.7816902169216143,0.8887693084557594,0.8893805309734514,0.8157301491738579,0.7776688453159041,"[0.7, 0.9333333333333333, 1.0, 0.9337748344370861, 0.6, 0.7272727272727273]","[0.7777777777777778, 1.0, 0.5, 0.9215686274509803, 0.6666666666666666, 0.8]","[0.7368421052631579, 0.9655172413793104, 0.6666666666666666, 0.9276315789473685, 0.631578947368421, 0.7619047619047619]"
vgg19,224,1,0.7284164586796166,0.8661371814049765,0.8590308370044053,0.7504068462401795,0.730582922824302,"[0.48484848484848486, 0.9259259259259259, 0.8, 0.9583333333333334, 0.4444444444444444, 0.8888888888888888]","[0.8421052631578947, 0.8620689655172413, 0.5714285714285714, 0.9078947368421053, 0.4, 0.8]","[0.6153846153846154, 0.8928571428571429, 0.6666666666666666, 0.9324324324324325, 0.42105263157894735, 0.8421052631578947]"
vgg19,224,2,0.7718682990733807,0.8871891397882589,0.8810572687224669,0.7806074963840066,0.7790589544219308,"[0.8947368421052632, 0.9655172413793104, 1.0, 0.9387755102040817, 0.38461538461538464, 0.5]","[0.8947368421052632, 0.9655172413793104, 0.7142857142857143, 0.9078947368421053, 0.5555555555555556, 0.6363636363636364]","[0.8947368421052632, 0.9655172413793104, 0.8333333333333334, 0.9230769230769231, 0.45454545454545453, 0.56]"
vgg19,224,3,0.7815688719154066,0.8970329507764889,0.8938053097345132,0.7817328918322296,0.7892785123728863,"[0.8333333333333334, 1.0, 0.8333333333333334, 0.9403973509933775, 0.5, 0.5833333333333334]","[0.7894736842105263, 0.9310344827586207, 0.7142857142857143, 0.9342105263157895, 0.6666666666666666, 0.7]","[0.8108108108108109, 0.9642857142857143, 0.7692307692307693, 0.9372937293729373, 0.5714285714285714, 0.6363636363636364]"
vgg19,224,4,0.7335360999154102,0.85639614682947,0.8407079646017699,0.7071887288263762,0.8238233274757776,"[0.68, 0.9655172413793104, 0.8, 0.9765625, 0.4, 0.42105263157894735]","[0.8947368421052632, 0.9655172413793104, 0.5714285714285714, 0.8223684210526315, 0.8888888888888888, 0.8]","[0.7727272727272727, 0.9655172413793104, 0.6666666666666666, 0.8928571428571429, 0.5517241379310345, 0.5517241379310345]"
vgg19,224,5,0.7815285838614062,0.9161803054192501,0.915929203539823,0.7828403078403078,0.7839713663243075,"[0.9333333333333333, 0.9642857142857143, 0.6666666666666666, 0.961038961038961, 0.4444444444444444, 0.7272727272727273]","[0.7777777777777778, 0.9642857142857143, 0.75, 0.9673202614379085, 0.4444444444444444, 0.8]","[0.8484848484848485, 0.9642857142857143, 0.7058823529411765, 0.9641693811074918, 0.4444444444444444, 0.7619047619047619]"
vgg19,224,6,0.7962211476785149,0.9010068920403843,0.8986784140969163,0.8001136090537676,0.8052318295739349,"[0.7894736842105263, 0.8787878787878788, 1.0, 0.9657534246575342, 0.5833333333333334, 0.5833333333333334]","[0.7894736842105263, 1.0, 0.7142857142857143, 0.9276315789473685, 0.7, 0.7]","[0.7894736842105263, 0.9354838709677419, 0.8333333333333334, 0.9463087248322147, 0.6363636363636364, 0.6363636363636364]"
vgg19,224,7,0.8368255514126179,0.9225148426205385,0.920704845814978,0.8326190476190476,0.8461422626576892,"[0.8571428571428571, 1.0, 0.8571428571428571, 0.96, 0.75, 0.5714285714285714]","[0.9473684210526315, 0.9310344827586207, 0.8571428571428571, 0.9473684210526315, 0.6666666666666666, 0.7272727272727273]","[0.9, 0.9642857142857143, 0.8571428571428571, 0.9536423841059603, 0.7058823529411765, 0.64]"
vgg19,224,8,0.7144204400463882,0.8879167329753546,0.8805309734513275,0.693597792998478,0.754921667194807,"[0.8333333333333334, 1.0, 0.4, 0.9657534246575342, 0.4, 0.5625]","[0.7894736842105263, 0.896551724137931, 0.5714285714285714, 0.9276315789473685, 0.4444444444444444, 0.9]","[0.8108108108108109, 0.9454545454545454, 0.47058823529411764, 0.9463087248322147, 0.42105263157894735, 0.6923076923076923]"
vgg19,224,9,0.8389071201932389,0.902763451384327,0.8982300884955752,0.8117615717615717,0.8758283400071059,"[0.64, 1.0, 0.8571428571428571, 0.958041958041958, 0.8, 0.6153846153846154]","[0.8421052631578947, 0.9655172413793104, 0.8571428571428571, 0.9013157894736842, 0.8888888888888888, 0.8]","[0.7272727272727273, 0.9824561403508771, 0.8571428571428571, 0.9288135593220339, 0.8421052631578947, 0.6956521739130435]"
vgg19,224,10,0.7361201672324684,0.87453667912407,0.8716814159292036,0.7325914869018316,0.7662309368191721,"[0.7857142857142857, 0.9655172413793104, 0.6666666666666666, 0.9391891891891891, 0.5384615384615384, 0.5]","[0.6111111111111112, 1.0, 0.5, 0.9084967320261438, 0.7777777777777778, 0.8]","[0.6875, 0.9824561403508771, 0.5714285714285714, 0.9235880398671097, 0.6363636363636364, 0.6153846153846154]"
vgg19,224,11,0.6685769685827142,0.8436204649488342,0.8325991189427313,0.6321543086518183,0.7283413274565724,"[0.6842105263157895, 0.8666666666666667, 0.5, 0.9637681159420289, 0.3076923076923077, 0.47058823529411764]","[0.6842105263157895, 0.896551724137931, 0.7142857142857143, 0.875, 0.4, 0.8]","[0.6842105263157895, 0.8813559322033898, 0.5882352941176471, 0.9172413793103448, 0.34782608695652173, 0.5925925925925926]"
vgg19,224,12,0.7739101963663367,0.8860432307128342,0.8810572687224669,0.7473835450695705,0.8084937723095619,"[0.7894736842105263, 1.0, 0.75, 0.9448275862068966, 0.5, 0.5]","[0.7894736842105263, 1.0, 0.8571428571428571, 0.9013157894736842, 0.6666666666666666, 0.6363636363636364]","[0.7894736842105263, 1.0, 0.8, 0.9225589225589226, 0.5714285714285714, 0.56]"
vgg19,224,13,0.6824997224997226,0.8466019526196518,0.831858407079646,0.6476581051978522,0.7598679409251097,"[0.6956521739130435, 0.9615384615384616, 0.42857142857142855, 0.9626865671641791, 0.4375, 0.4]","[0.8421052631578947, 0.8620689655172413, 0.42857142857142855, 0.8486842105263158, 0.7777777777777778, 0.8]","[0.7619047619047619, 0.9090909090909091, 0.42857142857142855, 0.9020979020979021, 0.56, 0.5333333333333333]"
vgg19,224,14,0.775120500136314,0.8985395385917894,0.8982300884955752,0.8192304721295266,0.7548905789377659,"[0.9375, 0.9655172413793104, 1.0, 0.9290322580645162, 0.5, 0.5833333333333334]","[0.7894736842105263, 0.9655172413793104, 0.5714285714285714, 0.9473684210526315, 0.5555555555555556, 0.7]","[0.8571428571428571, 0.9655172413793104, 0.7272727272727273, 0.9381107491856677, 0.5263157894736842, 0.6363636363636364]"
vgg19,224,15,0.8117986189115413,0.9138763673970124,0.911504424778761,0.8033340158340159,0.8381808278867103,"[0.875, 0.9333333333333333, 0.5454545454545454, 0.9662162162162162, 0.8571428571428571, 0.6428571428571429]","[0.7777777777777778, 1.0, 0.75, 0.934640522875817, 0.6666666666666666, 0.9]","[0.8235294117647058, 0.9655172413793104, 0.631578947368421, 0.9501661129568106, 0.75, 0.75]"
efficientnetb5,192,1,0.7139355349416885,0.8633108767395542,0.8546255506607929,0.6763149480415667,0.782465862933195,"[0.6666666666666666, 0.92, 0.4444444444444444, 0.9712230215827338, 0.5, 0.5555555555555556]","[0.8421052631578947, 0.7931034482758621, 0.5714285714285714, 0.8881578947368421, 0.6, 1.0]","[0.7441860465116279, 0.8518518518518519, 0.5, 0.9278350515463918, 0.5454545454545454, 0.7142857142857143]"
efficientnetb5,192,2,0.6666434423214397,0.8194813665164072,0.801762114537445,0.6412835558426643,0.7306748126847945,"[0.53125, 0.9629629629629629, 0.6666666666666666, 0.9534883720930233, 0.4, 0.3333333333333333]","[0.8947368421052632, 0.896551724137931, 0.5714285714285714, 0.8092105263157895, 0.6666666666666666, 0.5454545454545454]","[0.6666666666666666, 0.9285714285714286, 0.6153846153846154, 0.8754448398576512, 0.5, 0.41379310344827586]"
efficientnetb5,192,3,0.7890496985324212,0.8799757944396502,0.8716814159292036,0.779885644476488,0.8136519459568462,"[0.7894736842105263, 1.0, 0.875, 0.9315068493150684, 0.75, 0.3333333333333333]","[0.7894736842105263, 0.9310344827586207, 1.0, 0.8947368421052632, 0.6666666666666666, 0.6]","[0.7894736842105263, 0.9642857142857143, 0.9333333333333333, 0.912751677852349, 0.7058823529411765, 0.42857142857142855]"
efficientnetb5,192,4,0.7539589920847943,0.883809650689131,0.8716814159292036,0.7199131482921252,0.8251913308174652,"[0.8181818181818182, 0.9032258064516129, 0.7142857142857143, 0.9924812030075187, 0.5, 0.391304347826087]","[0.9473684210526315, 0.9655172413793104, 0.7142857142857143, 0.868421052631579, 0.5555555555555556, 0.9]","[0.8780487804878049, 0.9333333333333333, 0.7142857142857143, 0.9263157894736842, 0.5263157894736842, 0.5454545454545454]"
efficientnetb5,192,5,0.7278280038427228,0.8833025251571429,0.8761061946902655,0.6982421961234492,0.7718526299408652,"[0.7, 0.9310344827586207, 0.625, 0.9788732394366197, 0.45454545454545453, 0.5]","[0.7777777777777778, 0.9642857142857143, 0.625, 0.9084967320261438, 0.5555555555555556, 0.8]","[0.7368421052631579, 0.9473684210526315, 0.625, 0.9423728813559322, 0.5, 0.6153846153846154]"
efficientnetb5,192,6,0.7775894108694782,0.8793921025948829,0.8722466960352423,0.7421740951895228,0.8288220551378447,"[0.8181818181818182, 0.9354838709677419, 0.8571428571428571, 0.9565217391304348, 0.6, 0.2857142857142857]","[0.9473684210526315, 1.0, 0.8571428571428571, 0.868421052631579, 0.9, 0.4]","[0.8780487804878049, 0.9666666666666667, 0.8571428571428571, 0.9103448275862069, 0.72, 0.3333333333333333]"
efficientnetb5,192,7,0.7929031611250194,0.8996765053313243,0.8942731277533039,0.769864394864395,0.8332746268317957,"[0.7727272727272727, 0.9615384615384616, 0.8571428571428571, 0.9722222222222222, 0.5, 0.5555555555555556]","[0.8947368421052632, 0.8620689655172413, 0.8571428571428571, 0.9210526315789473, 0.5555555555555556, 0.9090909090909091]","[0.8292682926829268, 0.9090909090909091, 0.8571428571428571, 0.9459459459459459, 0.5263157894736842, 0.6896551724137931]"
efficientnetb5,192,8,0.7177821187218351,0.8587144424402002,0.8407079646017699,0.6742676204632727,0.8212053121309019,"[0.6956521739130435, 1.0, 0.5555555555555556, 0.9846153846153847, 0.375, 0.43478260869565216]","[0.8421052631578947, 0.8620689655172413, 0.7142857142857143, 0.8421052631578947, 0.6666666666666666, 1.0]","[0.7619047619047619, 0.9259259259259259, 0.625, 0.9078014184397163, 0.48, 0.6060606060606061]"
efficientnetb5,192,9,0.8163511656510538,0.9173542629944139,0.915929203539823,0.8068091379615882,0.8298000748998935,"[0.8421052631578947, 0.9655172413793104, 0.75, 0.96, 0.5454545454545454, 0.7777777777777778]","[0.8421052631578947, 0.9655172413793104, 0.8571428571428571, 0.9473684210526315, 0.6666666666666666, 0.7]","[0.8421052631578947, 0.9655172413793104, 0.8, 0.9536423841059603, 0.6, 0.7368421052631579]"
efficientnetb5,192,10,0.7077804265304266,0.8519115347102074,0.8362831858407079,0.6925264045782734,0.7738523187052598,"[0.631578947368421, 0.9285714285714286, 0.8333333333333334, 0.9703703703703703, 0.4, 0.391304347826087]","[0.6666666666666666, 0.9285714285714286, 0.625, 0.8562091503267973, 0.6666666666666666, 0.9]","[0.6486486486486487, 0.9285714285714286, 0.7142857142857143, 0.9097222222222222, 0.5, 0.5454545454545454]"
efficientnetb5,192,11,0.7522565074709734,0.875429655216838,0.8634361233480177,0.7294894095831862,0.8057536081583269,"[0.7272727272727273, 0.9629629629629629, 0.8333333333333334, 0.9710144927536232, 0.47058823529411764, 0.4117647058823529]","[0.8421052631578947, 0.896551724137931, 0.7142857142857143, 0.881578947368421, 0.8, 0.7]","[0.7804878048780488, 0.9285714285714286, 0.7692307692307693, 0.9241379310344827, 0.5925925925925926, 0.5185185185185185]"
efficientnetb5,192,12,0.6996527395369769,0.8421304883848685,0.8281938325991189,0.6656012927942753,0.7759458184821163,"[0.6296296296296297, 1.0, 0.5454545454545454, 0.9548872180451128, 0.5, 0.36363636363636365]","[0.8947368421052632, 0.896551724137931, 0.8571428571428571, 0.8355263157894737, 0.4444444444444444, 0.7272727272727273]","[0.7391304347826086, 0.9454545454545454, 0.6666666666666666, 0.8912280701754386, 0.47058823529411764, 0.48484848484848486]"
efficientnetb5,192,13,0.6698573076270918,0.8212179510676996,0.7964601769911505,0.6479362685245039,0.7533622130037738,"[0.6, 1.0, 0.6666666666666666, 0.9603174603174603, 0.35294117647058826, 0.3076923076923077]","[0.7894736842105263, 0.896551724137931, 0.5714285714285714, 0.7960526315789473, 0.6666666666666666, 0.8]","[0.6818181818181818, 0.9454545454545454, 0.6153846153846154, 0.8705035971223022, 0.46153846153846156, 0.4444444444444444]"
efficientnetb5,192,14,0.7509145998531586,0.8933344559128227,0.8893805309734514,0.7296068796068796,0.7839524577727843,"[0.7727272727272727, 1.0, 0.6, 0.9594594594594594, 0.5, 0.5454545454545454]","[0.8947368421052632, 0.8620689655172413, 0.8571428571428571, 0.9342105263157895, 0.5555555555555556, 0.6]","[0.8292682926829268, 0.9259259259259259, 0.7058823529411765, 0.9466666666666667, 0.5263157894736842, 0.5714285714285714]"
efficientnetb5,192,15,0.6549417421157471,0.8348480413156127,0.8230088495575221,0.6286982178962712,0.704571272953626,"[0.7058823529411765, 0.8666666666666667, 0.5, 0.9496402877697842, 0.4, 0.35]","[0.6666666666666666, 0.9285714285714286, 0.625, 0.8627450980392157, 0.4444444444444444, 0.7]","[0.6857142857142857, 0.896551724137931, 0.5555555555555556, 0.9041095890410958, 0.42105263157894735, 0.4666666666666667]"
efficientnetb5,224,1,0.7680527516395741,0.8843933620328608,0.8722466960352423,0.7291273943447857,0.8453558465128338,"[0.7272727272727273, 1.0, 0.5, 0.9782608695652174, 0.4, 0.7692307692307693]","[0.8421052631578947, 0.8275862068965517, 0.7142857142857143, 0.8881578947368421, 0.8, 1.0]","[0.7804878048780488, 0.9056603773584906, 0.5882352941176471, 0.9310344827586207, 0.5333333333333333, 0.8695652173913043]"
efficientnetb5,224,2,0.6956864383180172,0.8341558006617129,0.8193832599118943,0.6621570186779165,0.7581160101577523,"[0.6153846153846154, 0.9642857142857143, 0.7142857142857143, 0.9473684210526315, 0.4375, 0.29411764705882354]","[0.8421052631578947, 0.9310344827586207, 0.7142857142857143, 0.8289473684210527, 0.7777777777777778, 0.45454545454545453]","[0.7111111111111111, 0.9473684210526315, 0.7142857142857143, 0.8842105263157894, 0.56, 0.35714285714285715]"
efficientnetb5,224,3,0.7404870914262295,0.8625958393229075,0.8584070796460177,0.736551040578115,0.754124655508503,"[0.8235294117647058, 1.0, 0.7777777777777778, 0.9072847682119205, 0.625, 0.2857142857142857]","[0.7368421052631579, 0.9310344827586207, 1.0, 0.9013157894736842, 0.5555555555555556, 0.4]","[0.7777777777777778, 0.9642857142857143, 0.875, 0.9042904290429042, 0.5882352941176471, 0.3333333333333333]"
efficientnetb5,224,4,0.786140618422254,0.9097900339875596,0.9026548672566371,0.766293569274127,0.8328667694139563,"[0.8571428571428571, 0.9655172413793104, 0.7142857142857143, 0.9858156028368794, 0.625, 0.45]","[0.9473684210526315, 0.9655172413793104, 0.7142857142857143, 0.9144736842105263, 0.5555555555555556, 0.9]","[0.9, 0.9655172413793104, 0.7142857142857143, 0.9488054607508533, 0.5882352941176471, 0.6]"
efficientnetb5,224,5,0.6664314174118096,0.8636183815257215,0.8584070796460177,0.6414701855878328,0.7103446934329288,"[0.6363636363636364, 0.9285714285714286, 0.5555555555555556, 0.972027972027972, 0.2857142857142857, 0.47058823529411764]","[0.7777777777777778, 0.9285714285714286, 0.625, 0.9084967320261438, 0.2222222222222222, 0.8]","[0.7, 0.9285714285714286, 0.5882352941176471, 0.9391891891891891, 0.25, 0.5925925925925926]"
efficientnetb5,224,6,0.7532294701994618,0.8874826419113685,0.8854625550660793,0.7220248501498502,0.7938283208020049,"[0.9, 0.90625, 0.625, 0.958041958041958, 0.6428571428571429, 0.3]","[0.9473684210526315, 1.0, 0.7142857142857143, 0.9013157894736842, 0.9, 0.3]","[0.9230769230769231, 0.9508196721311475, 0.6666666666666666, 0.9288135593220339, 0.75, 0.3]"
efficientnetb5,224,7,0.7511824324324324,0.8722784458467279,0.8590308370044053,0.7212447193329546,0.8262316471254766,"[0.7619047619047619, 0.96, 0.75, 0.9779411764705882, 0.45454545454545453, 0.4230769230769231]","[0.8421052631578947, 0.8275862068965517, 0.8571428571428571, 0.875, 0.5555555555555556, 1.0]","[0.8, 0.8888888888888888, 0.8, 0.9236111111111112, 0.5, 0.5945945945945946]"
efficientnetb5,224,8,0.7335624677898883,0.8764922004335376,0.8672566371681416,0.6992333751852229,0.8026867936123835,"[0.75, 1.0, 0.5, 0.9645390070921985, 0.45454545454545453, 0.5263157894736842]","[0.7894736842105263, 0.8620689655172413, 0.7142857142857143, 0.8947368421052632, 0.5555555555555556, 1.0]","[0.7692307692307693, 0.9259259259259259, 0.5882352941176471, 0.9283276450511946, 0.5, 0.6896551724137931]"
efficientnetb5,224,9,0.7901520361290477,0.9029432055980728,0.8982300884955752,0.7631560967767865,0.8254141099876128,"[0.8, 0.9655172413793104, 0.75, 0.9655172413793104, 0.46153846153846156, 0.6363636363636364]","[0.8421052631578947, 0.9655172413793104, 0.8571428571428571, 0.9210526315789473, 0.6666666666666666, 0.7]","[0.8205128205128205, 0.9655172413793104, 0.8, 0.9427609427609428, 0.5454545454545454, 0.6666666666666666]"
efficientnetb5,224,10,0.7708750526360323,0.8979210759671855,0.8938053097345132,0.7631800526095828,0.7903283535636477,"[0.75, 0.9285714285714286, 0.8571428571428571, 0.9664429530201343, 0.38461538461538464, 0.6923076923076923]","[0.6666666666666666, 0.9285714285714286, 0.75, 0.9411764705882353, 0.5555555555555556, 0.9]","[0.7058823529411765, 0.9285714285714286, 0.8, 0.9536423841059603, 0.45454545454545453, 0.782608695652174]"
efficientnetb5,224,11,0.7614416201745677,0.8909769219474144,0.8810572687224669,0.7483088806618218,0.7975942010197908,"[0.7727272727272727, 1.0, 0.8333333333333334, 0.972027972027972, 0.4117647058823529, 0.5]","[0.8947368421052632, 0.8620689655172413, 0.7142857142857143, 0.9144736842105263, 0.7, 0.7]","[0.8292682926829268, 0.9259259259259259, 0.7692307692307693, 0.9423728813559322, 0.5185185185185185, 0.5833333333333334]"
efficientnetb5,224,12,0.6976176745207887,0.855578214701273,0.8458149779735683,0.6603465375899775,0.7739399766396137,"[0.6956521739130435, 1.0, 0.46153846153846156, 0.9562043795620438, 0.375, 0.47368421052631576]","[0.8421052631578947, 0.9310344827586207, 0.8571428571428571, 0.8618421052631579, 0.3333333333333333, 0.8181818181818182]","[0.7619047619047619, 0.9642857142857143, 0.6, 0.9065743944636678, 0.35294117647058826, 0.6]"
efficientnetb5,224,13,0.722233645691635,0.8529621324734081,0.8362831858407079,0.7060942760942761,0.7960035385398361,"[0.68, 1.0, 0.8, 0.9621212121212122, 0.35, 0.4444444444444444]","[0.8947368421052632, 0.896551724137931, 0.5714285714285714, 0.8355263157894737, 0.7777777777777778, 0.8]","[0.7727272727272727, 0.9454545454545454, 0.6666666666666666, 0.8943661971830986, 0.4827586206896552, 0.5714285714285714]"
efficientnetb5,224,14,0.6902492515251516,0.8742795729368,0.8716814159292036,0.6801648099187249,0.705798860177263,"[0.7727272727272727, 0.9629629629629629, 0.4444444444444444, 0.9463087248322147, 0.5, 0.45454545454545453]","[0.8947368421052632, 0.896551724137931, 0.5714285714285714, 0.9276315789473685, 0.4444444444444444, 0.5]","[0.8292682926829268, 0.9285714285714286, 0.5, 0.9368770764119602, 0.47058823529411764, 0.47619047619047616]"
efficientnetb5,224,15,0.7211894961985085,0.8626739439692842,0.8539823008849557,0.6855301114406535,0.7830726735138499,"[0.631578947368421, 0.9310344827586207, 0.625, 0.9640287769784173, 0.46153846153846156, 0.5]","[0.6666666666666666, 0.9642857142857143, 0.625, 0.8758169934640523, 0.6666666666666666, 0.9]","[0.6486486486486487, 0.9473684210526315, 0.625, 0.9178082191780822, 0.5454545454545454, 0.6428571428571429]"
