model,img_size,fold,f1_macro,f1_weighted,accuracy,precision_macro,recall_macro,precision_per_class,recall_per_class,f1_per_class
mobilenetv2_cbam,192,1,0.6472598764664428,0.8307283651462467,0.8281938325991189,0.6706475198924863,0.67598090052718,"[0.625, 0.8846153846153846, 0.6, 0.9261744966442953, 0.5714285714285714, 0.4166666666666667]","[0.5263157894736842, 0.7931034482758621, 0.42857142857142855, 0.9078947368421053, 0.4, 1.0]","[0.5714285714285714, 0.8363636363636363, 0.5, 0.9169435215946844, 0.47058823529411764, 0.5882352941176471]"
mobilenetv2_cbam,192,2,0.6581332768893148,0.8282977782073804,0.8193832599118943,0.6298057810436143,0.7222742724103886,"[0.6818181818181818, 0.8928571428571429, 0.42857142857142855, 0.935251798561151, 0.42857142857142855, 0.4117647058823529]","[0.7894736842105263, 0.8620689655172413, 0.8571428571428571, 0.8552631578947368, 0.3333333333333333, 0.6363636363636364]","[0.7317073170731707, 0.8771929824561403, 0.5714285714285714, 0.8934707903780069, 0.375, 0.5]"
mobilenetv2_cbam,192,3,0.6388701454490927,0.8272769511707565,0.831858407079646,0.6776086523125997,0.6160116526949558,"[0.5789473684210527, 0.96, 0.5, 0.88125, 0.6, 0.5454545454545454]","[0.5789473684210527, 0.8275862068965517, 0.42857142857142855, 0.9276315789473685, 0.3333333333333333, 0.6]","[0.5789473684210527, 0.8888888888888888, 0.46153846153846156, 0.9038461538461539, 0.42857142857142855, 0.5714285714285714]"
mobilenetv2_cbam,192,4,0.7758277649985365,0.9036858441358868,0.9026548672566371,0.7607306957870867,0.804744500139237,"[0.8421052631578947, 0.9666666666666667, 0.625, 0.9591836734693877, 0.5714285714285714, 0.6]","[0.8421052631578947, 1.0, 0.7142857142857143, 0.9276315789473685, 0.4444444444444444, 0.9]","[0.8421052631578947, 0.9830508474576272, 0.6666666666666666, 0.9431438127090301, 0.5, 0.72]"
mobilenetv2_cbam,192,5,0.6744091027192195,0.8426833256267279,0.8407079646017699,0.7008547008547009,0.669833488951136,"[0.8333333333333334, 0.9615384615384616, 0.6666666666666666, 0.8974358974358975, 0.38461538461538464, 0.46153846153846156]","[0.5555555555555556, 0.8928571428571429, 0.5, 0.9150326797385621, 0.5555555555555556, 0.6]","[0.6666666666666666, 0.9259259259259259, 0.5714285714285714, 0.9061488673139159, 0.45454545454545453, 0.5217391304347826]"
mobilenetv2_cbam,192,6,0.6465532791739311,0.8156625791892792,0.801762114537445,0.6140250260688217,0.7111453201970442,"[0.75, 0.8571428571428571, 0.3333333333333333, 0.927007299270073, 0.4166666666666667, 0.4]","[0.7894736842105263, 0.8275862068965517, 0.7142857142857143, 0.8355263157894737, 0.5, 0.6]","[0.7692307692307693, 0.8421052631578947, 0.45454545454545453, 0.8788927335640139, 0.45454545454545453, 0.48]"
mobilenetv2_cbam,192,7,0.7224183742623289,0.8698009861460161,0.8590308370044053,0.6826964974023797,0.8120612834768915,"[0.8235294117647058, 0.9333333333333333, 0.46153846153846156, 0.9777777777777777, 0.4, 0.5]","[0.7368421052631579, 0.9655172413793104, 0.8571428571428571, 0.868421052631579, 0.4444444444444444, 1.0]","[0.7777777777777778, 0.9491525423728814, 0.6, 0.9198606271777003, 0.42105263157894735, 0.6666666666666666]"
mobilenetv2_cbam,192,8,0.5799956209465348,0.7906599742633237,0.7787610619469026,0.5824380933076586,0.6349477621256207,"[0.5833333333333334, 0.8846153846153846, 0.25, 0.9130434782608695, 0.5, 0.36363636363636365]","[0.7368421052631579, 0.7931034482758621, 0.42857142857142855, 0.8289473684210527, 0.2222222222222222, 0.8]","[0.6511627906976745, 0.8363636363636363, 0.3157894736842105, 0.8689655172413793, 0.3076923076923077, 0.5]"
mobilenetv2_cbam,192,9,0.7619208830763192,0.8816630426793517,0.8761061946902655,0.7725524475524476,0.7872769807660914,"[0.7272727272727273, 0.9, 1.0, 0.958041958041958, 0.4666666666666667, 0.5833333333333334]","[0.8421052631578947, 0.9310344827586207, 0.5714285714285714, 0.9013157894736842, 0.7777777777777778, 0.7]","[0.7804878048780488, 0.9152542372881356, 0.7272727272727273, 0.9288135593220339, 0.5833333333333334, 0.6363636363636364]"
mobilenetv2_cbam,192,10,0.6506401074694758,0.8354724632610903,0.8495575221238938,0.7446789321789322,0.6404256146903206,"[1.0, 0.9642857142857143, 0.5, 0.8787878787878788, 0.5, 0.625]","[0.2777777777777778, 0.9642857142857143, 0.375, 0.9477124183006536, 0.7777777777777778, 0.5]","[0.43478260869565216, 0.9642857142857143, 0.42857142857142855, 0.9119496855345912, 0.6086956521739131, 0.5555555555555556]"
mobilenetv2_cbam,192,11,0.717348853416965,0.8520362249825842,0.8502202643171806,0.7296289078325692,0.715750583354939,"[0.5217391304347826, 0.9230769230769231, 0.7142857142857143, 0.9210526315789473, 0.7142857142857143, 0.5833333333333334]","[0.631578947368421, 0.8275862068965517, 0.7142857142857143, 0.9210526315789473, 0.5, 0.7]","[0.5714285714285714, 0.8727272727272727, 0.7142857142857143, 0.9210526315789473, 0.5882352941176471, 0.6363636363636364]"
mobilenetv2_cbam,192,12,0.7105158128349632,0.8610335793092814,0.8766519823788547,0.823177485644329,0.6619206606729292,"[0.7692307692307693, 0.9310344827586207, 0.8571428571428571, 0.8816568047337278, 0.6666666666666666, 0.8333333333333334]","[0.5263157894736842, 0.9310344827586207, 0.8571428571428571, 0.9802631578947368, 0.2222222222222222, 0.45454545454545453]","[0.625, 0.9310344827586207, 0.8571428571428571, 0.9283489096573209, 0.3333333333333333, 0.5882352941176471]"
mobilenetv2_cbam,192,13,0.6665466748800083,0.8437219724830345,0.831858407079646,0.649537037037037,0.6993938390036395,"[0.7, 1.0, 0.5, 0.9305555555555556, 0.26666666666666666, 0.5]","[0.7368421052631579, 0.8620689655172413, 0.5714285714285714, 0.881578947368421, 0.4444444444444444, 0.7]","[0.717948717948718, 0.9259259259259259, 0.5333333333333333, 0.9054054054054054, 0.3333333333333333, 0.5833333333333334]"
mobilenetv2_cbam,192,14,0.6418200341527044,0.8214747394461195,0.8185840707964602,0.6441452991452992,0.6485198868819559,"[0.5833333333333334, 0.92, 0.5, 0.9, 0.5, 0.46153846153846156]","[0.7368421052631579, 0.7931034482758621, 0.42857142857142855, 0.8881578947368421, 0.4444444444444444, 0.6]","[0.6511627906976745, 0.8518518518518519, 0.46153846153846156, 0.8940397350993378, 0.47058823529411764, 0.5217391304347826]"
mobilenetv2_cbam,192,15,0.6296924283218348,0.8357555747305264,0.831858407079646,0.6243944392811136,0.6741090880796762,"[0.6086956521739131, 1.0, 0.3333333333333333, 0.9310344827586207, 0.46153846153846156, 0.4117647058823529]","[0.7777777777777778, 0.8928571428571429, 0.125, 0.8823529411764706, 0.6666666666666666, 0.7]","[0.6829268292682927, 0.9433962264150944, 0.18181818181818182, 0.9060402684563759, 0.5454545454545454, 0.5185185185185185]"
mobilenetv2_cbam,224,1,0.6946120290762109,0.864262509632469,0.8590308370044053,0.6907563562904766,0.7089555786016767,"[0.7142857142857143, 0.9565217391304348, 0.4, 0.9403973509933775, 0.3333333333333333, 0.8]","[0.7894736842105263, 0.7586206896551724, 0.5714285714285714, 0.9342105263157895, 0.4, 0.8]","[0.75, 0.8461538461538461, 0.47058823529411764, 0.9372937293729373, 0.36363636363636365, 0.8]"
mobilenetv2_cbam,224,2,0.6727110210602577,0.8366956514736134,0.8370044052863436,0.682202304737516,0.7231901156583552,"[0.6818181818181818, 0.8484848484848485, 0.5, 0.9295774647887324, 0.6666666666666666, 0.4666666666666667]","[0.7894736842105263, 0.9655172413793104, 0.8571428571428571, 0.868421052631579, 0.2222222222222222, 0.6363636363636364]","[0.7317073170731707, 0.9032258064516129, 0.631578947368421, 0.8979591836734694, 0.3333333333333333, 0.5384615384615384]"
mobilenetv2_cbam,224,3,0.6068864468864469,0.8140913805958053,0.8097345132743363,0.5963835047168381,0.6254590019109076,"[0.55, 0.9259259259259259, 0.3333333333333333, 0.9054054054054054, 0.36363636363636365, 0.5]","[0.5789473684210527, 0.8620689655172413, 0.2857142857142857, 0.881578947368421, 0.4444444444444444, 0.7]","[0.5641025641025641, 0.8928571428571429, 0.3076923076923077, 0.8933333333333333, 0.4, 0.5833333333333334]"
mobilenetv2_cbam,224,4,0.7410267671137237,0.8896451417421021,0.8893805309734514,0.8032523032523033,0.763516069868157,"[0.7307692307692307, 1.0, 1.0, 0.9523809523809523, 0.5, 0.6363636363636364]","[1.0, 0.896551724137931, 0.2857142857142857, 0.9210526315789473, 0.7777777777777778, 0.7]","[0.8444444444444444, 0.9454545454545454, 0.4444444444444444, 0.9364548494983278, 0.6086956521739131, 0.6666666666666666]"
mobilenetv2_cbam,224,5,0.6304639862299194,0.8430262109070923,0.8539823008849557,0.7818253968253969,0.5790771864301276,"[0.75, 0.96, 1.0, 0.8809523809523809, 0.3, 0.8]","[0.6666666666666666, 0.8571428571428571, 0.25, 0.9673202614379085, 0.3333333333333333, 0.4]","[0.7058823529411765, 0.9056603773584906, 0.4, 0.9221183800623053, 0.3157894736842105, 0.5333333333333333]"
mobilenetv2_cbam,224,6,0.6723793490460158,0.8408024444147792,0.8370044052863436,0.7115241938771351,0.67914182006741,"[0.5769230769230769, 0.9615384615384616, 0.6, 0.918918918918919, 0.4117647058823529, 0.8]","[0.7894736842105263, 0.8620689655172413, 0.42857142857142855, 0.8947368421052632, 0.7, 0.4]","[0.6666666666666666, 0.9090909090909091, 0.5, 0.9066666666666666, 0.5185185185185185, 0.5333333333333333]"
mobilenetv2_cbam,224,7,0.7641516175116444,0.888613699137352,0.8898678414096917,0.7783941454585438,0.758196704317394,"[0.75, 0.9310344827586207, 0.6666666666666666, 0.9337748344370861, 0.5, 0.8888888888888888]","[0.9473684210526315, 0.9310344827586207, 0.5714285714285714, 0.9276315789473685, 0.4444444444444444, 0.7272727272727273]","[0.8372093023255814, 0.9310344827586207, 0.6153846153846154, 0.9306930693069307, 0.47058823529411764, 0.8]"
mobilenetv2_cbam,224,8,0.652669166295146,0.8337901307691407,0.827433628318584,0.6227144154839638,0.6940610626182314,"[0.5416666666666666, 0.8620689655172413, 0.5, 0.9436619718309859, 0.2222222222222222, 0.6666666666666666]","[0.6842105263157895, 0.8620689655172413, 0.7142857142857143, 0.881578947368421, 0.2222222222222222, 0.8]","[0.6046511627906976, 0.8620689655172413, 0.5882352941176471, 0.9115646258503401, 0.2222222222222222, 0.7272727272727273]"
mobilenetv2_cbam,224,9,0.7610733182161754,0.8807717777376437,0.8761061946902655,0.7327230465382909,0.807379560011139,"[0.8235294117647058, 0.8529411764705882, 0.5454545454545454, 0.9577464788732394, 0.4166666666666667, 0.8]","[0.7368421052631579, 1.0, 0.8571428571428571, 0.8947368421052632, 0.5555555555555556, 0.8]","[0.7777777777777778, 0.9206349206349206, 0.6666666666666666, 0.9251700680272109, 0.47619047619047616, 0.8]"
mobilenetv2_cbam,224,10,0.6723905723905723,0.8296862429605792,0.8230088495575221,0.6574484157817491,0.6963040771864302,"[0.5384615384615384, 0.9259259259259259, 0.5, 0.9166666666666666, 0.36363636363636365, 0.7]","[0.7777777777777778, 0.8928571428571429, 0.5, 0.8627450980392157, 0.4444444444444444, 0.7]","[0.6363636363636364, 0.9090909090909091, 0.5, 0.8888888888888888, 0.4, 0.7]"
mobilenetv2_cbam,224,11,0.6805194864525493,0.8314136692115622,0.8281938325991189,0.6680221266768452,0.7195693976320111,"[0.5714285714285714, 0.896551724137931, 0.7142857142857143, 0.9236111111111112, 0.42857142857142855, 0.47368421052631576]","[0.631578947368421, 0.896551724137931, 0.7142857142857143, 0.875, 0.3, 0.9]","[0.6, 0.896551724137931, 0.7142857142857143, 0.8986486486486487, 0.35294117647058826, 0.6206896551724138]"
mobilenetv2_cbam,224,12,0.7832978977457428,0.8966565536533561,0.8986784140969163,0.7842945725298666,0.7948022267441505,"[0.8666666666666667, 0.9333333333333333, 0.7777777777777778, 0.9411764705882353, 0.5714285714285714, 0.6153846153846154]","[0.6842105263157895, 0.9655172413793104, 1.0, 0.9473684210526315, 0.4444444444444444, 0.7272727272727273]","[0.7647058823529411, 0.9491525423728814, 0.875, 0.9442622950819672, 0.5, 0.6666666666666666]"
mobilenetv2_cbam,224,13,0.6513204531339728,0.8544066645975534,0.8451327433628318,0.6260333727549158,0.7205301328032725,"[0.8421052631578947, 0.8666666666666667, 0.25, 0.9708029197080292, 0.35294117647058826, 0.47368421052631576]","[0.8421052631578947, 0.896551724137931, 0.14285714285714285, 0.875, 0.6666666666666666, 0.9]","[0.8421052631578947, 0.8813559322033898, 0.18181818181818182, 0.9204152249134948, 0.46153846153846156, 0.6206896551724138]"
mobilenetv2_cbam,224,14,0.7675994703625403,0.8865470202573037,0.8893805309734514,0.8152967344050146,0.7345236894919291,"[0.8888888888888888, 0.9333333333333333, 1.0, 0.910828025477707, 0.4444444444444444, 0.7142857142857143]","[0.8421052631578947, 0.9655172413793104, 0.7142857142857143, 0.9407894736842105, 0.4444444444444444, 0.5]","[0.8648648648648649, 0.9491525423728814, 0.8333333333333334, 0.9255663430420712, 0.4444444444444444, 0.5882352941176471]"
mobilenetv2_cbam,224,15,0.7421886001337579,0.883910818080105,0.8761061946902655,0.7082674546263381,0.7951369436663555,"[0.8823529411764706, 0.9310344827586207, 0.4, 0.9647887323943662, 0.5, 0.5714285714285714]","[0.8333333333333334, 0.9642857142857143, 0.5, 0.8954248366013072, 0.7777777777777778, 0.8]","[0.8571428571428571, 0.9473684210526315, 0.4444444444444444, 0.9288135593220339, 0.6086956521739131, 0.6666666666666666]"
efficientnetb0_cbam,192,1,0.7299569138038091,0.8645163750667386,0.8634361233480177,0.7440476190476191,0.7401272577996716,"[0.6190476190476191, 0.9166666666666666, 0.5, 0.9285714285714286, 0.625, 0.875]","[0.6842105263157895, 0.7586206896551724, 0.8571428571428571, 0.9407894736842105, 0.5, 0.7]","[0.65, 0.8301886792452831, 0.631578947368421, 0.934640522875817, 0.5555555555555556, 0.7777777777777778]"
efficientnetb0_cbam,192,2,0.7119495647721453,0.8784839657050826,0.8810572687224669,0.7314996204764137,0.7011992930776959,"[0.875, 0.9629629629629629, 0.5555555555555556, 0.9240506329113924, 0.5714285714285714, 0.5]","[0.7368421052631579, 0.896551724137931, 0.7142857142857143, 0.9605263157894737, 0.4444444444444444, 0.45454545454545453]","[0.8, 0.9285714285714286, 0.625, 0.9419354838709677, 0.5, 0.47619047619047616]"
efficientnetb0_cbam,192,3,0.7313700918964078,0.8670233844197515,0.8716814159292036,0.7964567640280379,0.6905800180527949,"[0.6470588235294118, 0.96, 0.7142857142857143, 0.901840490797546, 1.0, 0.5555555555555556]","[0.5789473684210527, 0.8275862068965517, 0.7142857142857143, 0.9671052631578947, 0.5555555555555556, 0.5]","[0.6111111111111112, 0.8888888888888888, 0.7142857142857143, 0.9333333333333333, 0.7142857142857143, 0.5263157894736842]"
efficientnetb0_cbam,192,4,0.7546093319965429,0.8827653075095054,0.8761061946902655,0.7221423599633431,0.8093496432652513,"[0.8, 0.9655172413793104, 0.5714285714285714, 0.9574468085106383, 0.5, 0.5384615384615384]","[0.8421052631578947, 0.9655172413793104, 0.5714285714285714, 0.8881578947368421, 0.8888888888888888, 0.7]","[0.8205128205128205, 0.9655172413793104, 0.5714285714285714, 0.9215017064846417, 0.64, 0.6086956521739131]"
efficientnetb0_cbam,192,5,0.7464096146359319,0.8893326365874391,0.8849557522123894,0.7430355811228294,0.7643090569561157,"[0.8333333333333334, 1.0, 0.6666666666666666, 0.9463087248322147, 0.42857142857142855, 0.5833333333333334]","[0.8333333333333334, 0.9642857142857143, 0.5, 0.9215686274509803, 0.6666666666666666, 0.7]","[0.8333333333333334, 0.9818181818181818, 0.5714285714285714, 0.9337748344370861, 0.5217391304347826, 0.6363636363636364]"
efficientnetb0_cbam,192,6,0.7383946651958916,0.8824663486410879,0.8854625550660793,0.7629746793525362,0.7273355803301357,"[0.8235294117647058, 1.0, 0.625, 0.9171974522292994, 0.5454545454545454, 0.6666666666666666]","[0.7368421052631579, 0.9655172413793104, 0.7142857142857143, 0.9473684210526315, 0.6, 0.4]","[0.7777777777777778, 0.9824561403508771, 0.6666666666666666, 0.9320388349514563, 0.5714285714285714, 0.5]"
efficientnetb0_cbam,192,7,0.7771505271505271,0.9005438014248588,0.8942731277533039,0.7554615932235946,0.8172833795565193,"[0.8333333333333334, 0.9629629629629629, 0.7142857142857143, 0.9724137931034482, 0.46153846153846156, 0.5882352941176471]","[0.7894736842105263, 0.896551724137931, 0.7142857142857143, 0.9276315789473685, 0.6666666666666666, 0.9090909090909091]","[0.8108108108108109, 0.9285714285714286, 0.7142857142857143, 0.9494949494949495, 0.5454545454545454, 0.7142857142857143]"
efficientnetb0_cbam,192,8,0.7345852714668307,0.8893415613500262,0.8893805309734514,0.718475512810488,0.7675888716042981,"[0.7619047619047619, 0.9310344827586207, 0.4444444444444444, 0.9591836734693877, 0.5, 0.7142857142857143]","[0.8421052631578947, 0.9310344827586207, 0.5714285714285714, 0.9276315789473685, 0.3333333333333333, 1.0]","[0.8, 0.9310344827586207, 0.5, 0.9431438127090301, 0.4, 0.8333333333333334]"
efficientnetb0_cbam,192,9,0.759690553489003,0.8932955457034485,0.8893805309734514,0.7543997017151378,0.7833363341303451,"[0.6666666666666666, 1.0, 0.6666666666666666, 0.959731543624161, 0.5333333333333333, 0.7]","[0.7368421052631579, 0.8620689655172413, 0.5714285714285714, 0.9407894736842105, 0.8888888888888888, 0.7]","[0.7, 0.9259259259259259, 0.6153846153846154, 0.9501661129568106, 0.6666666666666666, 0.7]"
efficientnetb0_cbam,192,10,0.7781904463095145,0.8905232546436056,0.8893805309734514,0.7805779178586197,0.7806722689075629,"[0.65, 0.9259259259259259, 0.8571428571428571, 0.9473684210526315, 0.6363636363636364, 0.6666666666666666]","[0.7222222222222222, 0.8928571428571429, 0.75, 0.9411764705882353, 0.7777777777777778, 0.6]","[0.6842105263157895, 0.9090909090909091, 0.8, 0.9442622950819672, 0.7, 0.631578947368421]"
efficientnetb0_cbam,192,11,0.6848482434900811,0.8604758882571919,0.8546255506607929,0.6565675254130262,0.7229042433670383,"[0.6842105263157895, 0.8709677419354839, 0.5555555555555556, 0.965034965034965, 0.36363636363636365, 0.5]","[0.6842105263157895, 0.9310344827586207, 0.7142857142857143, 0.9078947368421053, 0.4, 0.7]","[0.6842105263157895, 0.9, 0.625, 0.9355932203389831, 0.38095238095238093, 0.5833333333333334]"
efficientnetb0_cbam,192,12,0.7732789499830052,0.9061558944071971,0.9074889867841409,0.7813958916900093,0.7932982272818934,"[0.7619047619047619, 1.0, 0.5833333333333334, 0.954248366013072, 0.5, 0.8888888888888888]","[0.8421052631578947, 0.896551724137931, 1.0, 0.9605263157894737, 0.3333333333333333, 0.7272727272727273]","[0.8, 0.9454545454545454, 0.7368421052631579, 0.9573770491803278, 0.4, 0.8]"
efficientnetb0_cbam,192,13,0.7033434243380182,0.8812281050644996,0.8805309734513275,0.7279242537060854,0.6930862837169552,"[0.8235294117647058, 1.0, 0.36363636363636365, 0.930379746835443, 0.625, 0.625]","[0.7368421052631579, 0.8275862068965517, 0.5714285714285714, 0.9671052631578947, 0.5555555555555556, 0.5]","[0.7777777777777778, 0.9056603773584906, 0.4444444444444444, 0.9483870967741935, 0.5882352941176471, 0.5555555555555556]"
efficientnetb0_cbam,192,14,0.7486798915370344,0.8845587619291791,0.8761061946902655,0.71864561877192,0.7955927894448767,"[0.7391304347826086, 1.0, 0.625, 0.9647887323943662, 0.5454545454545454, 0.4375]","[0.8947368421052632, 0.896551724137931, 0.7142857142857143, 0.9013157894736842, 0.6666666666666666, 0.7]","[0.8095238095238095, 0.9454545454545454, 0.6666666666666666, 0.9319727891156463, 0.6, 0.5384615384615384]"
efficientnetb0_cbam,192,15,0.701856841988421,0.8653862032238837,0.8628318584070797,0.6821789321789321,0.7322673513849985,"[0.5714285714285714, 0.9285714285714286, 0.5454545454545454, 0.9523809523809523, 0.42857142857142855, 0.6666666666666666]","[0.6666666666666666, 0.9285714285714286, 0.75, 0.9150326797385621, 0.3333333333333333, 0.8]","[0.6153846153846154, 0.9285714285714286, 0.631578947368421, 0.9333333333333333, 0.375, 0.7272727272727273]"
efficientnetb0_cbam,224,1,0.6956326122128815,0.8528632631544922,0.8502202643171806,0.6825518419336011,0.7357520957566329,"[0.7368421052631579, 0.8928571428571429, 0.625, 0.9383561643835616, 0.42857142857142855, 0.47368421052631576]","[0.7368421052631579, 0.8620689655172413, 0.7142857142857143, 0.9013157894736842, 0.3, 0.9]","[0.7368421052631579, 0.8771929824561403, 0.6666666666666666, 0.9194630872483222, 0.35294117647058826, 0.6206896551724138]"
efficientnetb0_cbam,224,2,0.8070105820105821,0.8994510873365499,0.8986784140969163,0.8142880642880642,0.8318957878848986,"[0.6923076923076923, 1.0, 0.6363636363636364, 0.9459459459459459, 0.8333333333333334, 0.7777777777777778]","[0.9473684210526315, 0.9310344827586207, 1.0, 0.9210526315789473, 0.5555555555555556, 0.6363636363636364]","[0.8, 0.9642857142857143, 0.7777777777777778, 0.9333333333333333, 0.6666666666666666, 0.7]"
efficientnetb0_cbam,224,3,0.6838056853846327,0.8455435647238162,0.8407079646017699,0.6840411840411841,0.703320441909371,"[0.6666666666666666, 0.9285714285714286, 0.75, 0.9256756756756757, 0.5, 0.3333333333333333]","[0.631578947368421, 0.896551724137931, 0.8571428571428571, 0.9013157894736842, 0.3333333333333333, 0.6]","[0.6486486486486487, 0.9122807017543859, 0.8, 0.9133333333333333, 0.4, 0.42857142857142855]"
efficientnetb0_cbam,224,4,0.8478555232941197,0.933658054757263,0.9292035398230089,0.8190297943133696,0.8917117986537225,"[0.9473684210526315, 1.0, 0.625, 0.9793103448275862, 0.8, 0.5625]","[0.9473684210526315, 0.9655172413793104, 0.7142857142857143, 0.9342105263157895, 0.8888888888888888, 0.9]","[0.9473684210526315, 0.9824561403508771, 0.6666666666666666, 0.9562289562289562, 0.8421052631578947, 0.6923076923076923]"
efficientnetb0_cbam,224,5,0.7094495918025331,0.8823720093891878,0.8805309734513275,0.7172424525365702,0.7163165266106443,"[0.6666666666666666, 1.0, 0.6666666666666666, 0.954248366013072, 0.4444444444444444, 0.5714285714285714]","[0.7777777777777778, 0.8214285714285714, 0.5, 0.954248366013072, 0.4444444444444444, 0.8]","[0.717948717948718, 0.9019607843137255, 0.5714285714285714, 0.954248366013072, 0.4444444444444444, 0.6666666666666666]"
efficientnetb0_cbam,224,6,0.7188119938119938,0.862054525490649,0.8546255506607929,0.7211667193759225,0.735762898625875,"[0.8333333333333334, 0.9032258064516129, 0.8, 0.9375, 0.35294117647058826, 0.5]","[0.7894736842105263, 0.9655172413793104, 0.5714285714285714, 0.8881578947368421, 0.6, 0.6]","[0.8108108108108109, 0.9333333333333333, 0.6666666666666666, 0.9121621621621622, 0.4444444444444444, 0.5454545454545454]"
efficientnetb0_cbam,224,7,0.7191490631340255,0.8728011028199827,0.8634361233480177,0.6940217490779635,0.7650172976851742,"[0.8421052631578947, 0.9629629629629629, 0.625, 0.9577464788732394, 0.25, 0.5263157894736842]","[0.8421052631578947, 0.896551724137931, 0.7142857142857143, 0.8947368421052632, 0.3333333333333333, 0.9090909090909091]","[0.8421052631578947, 0.9285714285714286, 0.6666666666666666, 0.9251700680272109, 0.2857142857142857, 0.6666666666666666]"
efficientnetb0_cbam,224,8,0.735604623080904,0.8852183449872826,0.8893805309734514,0.753255530998147,0.7264128952649824,"[0.7333333333333333, 0.9629629629629629, 0.5714285714285714, 0.930379746835443, 0.5714285714285714, 0.75]","[0.5789473684210527, 0.896551724137931, 0.5714285714285714, 0.9671052631578947, 0.4444444444444444, 0.9]","[0.6470588235294118, 0.9285714285714286, 0.5714285714285714, 0.9483870967741935, 0.5, 0.8181818181818182]"
efficientnetb0_cbam,224,9,0.7697951771760336,0.8969473600408561,0.8982300884955752,0.8145187039096938,0.7472151403412747,"[0.7777777777777778, 0.9655172413793104, 1.0, 0.9354838709677419, 0.625, 0.5833333333333334]","[0.7368421052631579, 0.9655172413793104, 0.5714285714285714, 0.9539473684210527, 0.5555555555555556, 0.7]","[0.7567567567567568, 0.9655172413793104, 0.7272727272727273, 0.9446254071661238, 0.5882352941176471, 0.6363636363636364]"
efficientnetb0_cbam,224,10,0.7255937989271323,0.8630429203880532,0.8539823008849557,0.7051732989232989,0.7751984126984127,"[0.6666666666666666, 0.9615384615384616, 0.7142857142857143, 0.951048951048951, 0.4375, 0.5]","[0.6666666666666666, 0.8928571428571429, 0.625, 0.8888888888888888, 0.7777777777777778, 0.8]","[0.6666666666666666, 0.9259259259259259, 0.6666666666666666, 0.918918918918919, 0.56, 0.6153846153846154]"
efficientnetb0_cbam,224,11,0.673414820473644,0.8594642983344719,0.8634361233480177,0.683058608058608,0.6676788955146487,"[0.5714285714285714, 0.8846153846153846, 0.7142857142857143, 0.9423076923076923, 0.2857142857142857, 0.7]","[0.631578947368421, 0.7931034482758621, 0.7142857142857143, 0.9671052631578947, 0.2, 0.7]","[0.6, 0.8363636363636363, 0.7142857142857143, 0.9545454545454546, 0.23529411764705882, 0.7]"
efficientnetb0_cbam,224,12,0.7193466295174543,0.884757620471814,0.8898678414096917,0.7762015055008686,0.7206671546508208,"[0.7272727272727273, 1.0, 0.5, 0.9299363057324841, 0.5, 1.0]","[0.8421052631578947, 0.896551724137931, 0.8571428571428571, 0.9605263157894737, 0.2222222222222222, 0.5454545454545454]","[0.7804878048780488, 0.9454545454545454, 0.631578947368421, 0.9449838187702265, 0.3076923076923077, 0.7058823529411765]"
efficientnetb0_cbam,224,13,0.7522900602435728,0.879790707799885,0.8761061946902655,0.7330976430976431,0.7848052842835057,"[0.7222222222222222, 1.0, 0.6, 0.94, 0.6363636363636364, 0.5]","[0.6842105263157895, 0.8620689655172413, 0.8571428571428571, 0.9276315789473685, 0.7777777777777778, 0.6]","[0.7027027027027027, 0.9259259259259259, 0.7058823529411765, 0.9337748344370861, 0.7, 0.5454545454545454]"
efficientnetb0_cbam,224,14,0.8070291364409011,0.9059865289433222,0.9070796460176991,0.818718935385602,0.8045874984395857,"[0.8, 0.9629629629629629, 0.8571428571428571, 0.9415584415584416, 0.6363636363636364, 0.7142857142857143]","[0.8421052631578947, 0.896551724137931, 0.8571428571428571, 0.9539473684210527, 0.7777777777777778, 0.5]","[0.8205128205128205, 0.9285714285714286, 0.8571428571428571, 0.9477124183006536, 0.7, 0.5882352941176471]"
efficientnetb0_cbam,224,15,0.7668224912047893,0.8991175474468547,0.9026548672566371,0.8102220212979706,0.7412153750389044,"[0.7777777777777778, 0.9642857142857143, 0.5, 0.930379746835443, 0.8, 0.8888888888888888]","[0.7777777777777778, 0.9642857142857143, 0.5, 0.9607843137254902, 0.4444444444444444, 0.8]","[0.7777777777777778, 0.9642857142857143, 0.5, 0.9453376205787781, 0.5714285714285714, 0.8421052631578947]"
mobilenetv3large_cbam,192,1,0.6896596809283277,0.8704260831154567,0.8722466960352423,0.7027745696529726,0.6848889465041914,"[0.6363636363636364, 0.896551724137931, 0.6, 0.9473684210526315, 0.5, 0.6363636363636364]","[0.7368421052631579, 0.896551724137931, 0.42857142857142855, 0.9473684210526315, 0.4, 0.7]","[0.6829268292682927, 0.896551724137931, 0.5, 0.9473684210526315, 0.4444444444444444, 0.6666666666666666]"
mobilenetv3large_cbam,192,2,0.8020890890015736,0.9088719532156896,0.9074889867841409,0.7948758921913283,0.8177553230865392,"[0.8095238095238095, 0.9642857142857143, 0.75, 0.959731543624161, 0.7142857142857143, 0.5714285714285714]","[0.8947368421052632, 0.9310344827586207, 0.8571428571428571, 0.9407894736842105, 0.5555555555555556, 0.7272727272727273]","[0.85, 0.9473684210526315, 0.8, 0.9501661129568106, 0.625, 0.64]"
mobilenetv3large_cbam,192,3,0.6431776827134325,0.8218867051727295,0.8185840707964602,0.6429441659704817,0.6556869904646674,"[0.6111111111111112, 0.9166666666666666, 0.5, 0.9013157894736842, 0.5, 0.42857142857142855]","[0.5789473684210527, 0.7586206896551724, 0.42857142857142855, 0.9013157894736842, 0.6666666666666666, 0.6]","[0.5945945945945946, 0.8301886792452831, 0.46153846153846156, 0.9013157894736842, 0.5714285714285714, 0.5]"
mobilenetv3large_cbam,192,4,0.8193582435879968,0.9246703762725389,0.9203539823008849,0.7908870128444164,0.8702449370552819,"[0.9, 0.9655172413793104, 0.5555555555555556, 0.986013986013986, 0.75, 0.5882352941176471]","[0.9473684210526315, 0.9655172413793104, 0.7142857142857143, 0.9276315789473685, 0.6666666666666666, 1.0]","[0.9230769230769231, 0.9655172413793104, 0.625, 0.9559322033898305, 0.7058823529411765, 0.7407407407407407]"
mobilenetv3large_cbam,192,5,0.706523574970237,0.8662018773399021,0.8628318584070797,0.6824119686188652,0.7501633986928105,"[0.7222222222222222, 0.9655172413793104, 0.5, 0.9448275862068966, 0.42857142857142855, 0.5333333333333333]","[0.7222222222222222, 1.0, 0.75, 0.8954248366013072, 0.3333333333333333, 0.8]","[0.7222222222222222, 0.9824561403508771, 0.6, 0.9194630872483222, 0.375, 0.64]"
mobilenetv3large_cbam,192,6,0.673163037803025,0.8473518533149667,0.8458149779735683,0.6623866213151927,0.690416774695359,"[0.7083333333333334, 0.9642857142857143, 0.5, 0.9183673469387755, 0.5833333333333334, 0.3]","[0.8947368421052632, 0.9310344827586207, 0.42857142857142855, 0.8881578947368421, 0.7, 0.3]","[0.7906976744186046, 0.9473684210526315, 0.46153846153846156, 0.903010033444816, 0.6363636363636364, 0.3]"
mobilenetv3large_cbam,192,7,0.7218965946937943,0.8750100616166517,0.8722466960352423,0.7150256249399218,0.7328677951409349,"[0.8823529411764706, 0.9285714285714286, 0.5, 0.9337748344370861, 0.5454545454545454, 0.5]","[0.7894736842105263, 0.896551724137931, 0.5714285714285714, 0.9276315789473685, 0.6666666666666666, 0.5454545454545454]","[0.8333333333333334, 0.9122807017543859, 0.5333333333333333, 0.9306930693069307, 0.6, 0.5217391304347826]"
mobilenetv3large_cbam,192,8,0.6780010805989619,0.8766533308791051,0.8761061946902655,0.6817187160746999,0.6855678468201155,"[0.9285714285714286, 0.9310344827586207, 0.375, 0.9411764705882353, 0.2222222222222222, 0.6923076923076923]","[0.6842105263157895, 0.9310344827586207, 0.42857142857142855, 0.9473684210526315, 0.2222222222222222, 0.9]","[0.7878787878787878, 0.9310344827586207, 0.4, 0.9442622950819672, 0.2222222222222222, 0.782608695652174]"
mobilenetv3large_cbam,192,9,0.8139854986249019,0.9178097686077802,0.9203539823008849,0.8475321087216248,0.7903404344193818,"[0.875, 0.90625, 0.8, 0.9483870967741935, 0.6666666666666666, 0.8888888888888888]","[0.7368421052631579, 1.0, 0.5714285714285714, 0.9671052631578947, 0.6666666666666666, 0.8]","[0.8, 0.9508196721311475, 0.6666666666666666, 0.9576547231270358, 0.6666666666666666, 0.8421052631578947]"
mobilenetv3large_cbam,192,10,0.7221397645291615,0.8881664096026088,0.8893805309734514,0.7445887445887446,0.7126478369125427,"[0.75, 0.9642857142857143, 0.5, 0.9415584415584416, 0.45454545454545453, 0.8571428571428571]","[0.8333333333333334, 0.9642857142857143, 0.375, 0.9477124183006536, 0.5555555555555556, 0.6]","[0.7894736842105263, 0.9642857142857143, 0.42857142857142855, 0.9446254071661238, 0.5, 0.7058823529411765]"
mobilenetv3large_cbam,192,11,0.7063970783225604,0.8712666280541894,0.8678414096916299,0.7117593468586846,0.7065054878575748,"[0.7777777777777778, 0.9285714285714286, 0.6666666666666666, 0.9403973509933775, 0.35714285714285715, 0.6]","[0.7368421052631579, 0.896551724137931, 0.5714285714285714, 0.9342105263157895, 0.5, 0.6]","[0.7567567567567568, 0.9122807017543859, 0.6153846153846154, 0.9372937293729373, 0.4166666666666667, 0.6]"
mobilenetv3large_cbam,192,12,0.7822919377511416,0.8968379709026941,0.8942731277533039,0.7725329356201839,0.7973860220911039,"[0.8888888888888888, 0.9333333333333333, 0.75, 0.9463087248322147, 0.4166666666666667, 0.7]","[0.8421052631578947, 0.9655172413793104, 0.8571428571428571, 0.9276315789473685, 0.5555555555555556, 0.6363636363636364]","[0.8648648648648649, 0.9491525423728814, 0.8, 0.9368770764119602, 0.47619047619047616, 0.6666666666666666]"
mobilenetv3large_cbam,192,13,0.7219408723473765,0.8817130704136965,0.8761061946902655,0.7107686340529478,0.7559903110266086,"[0.8181818181818182, 0.9629629629629629, 0.6, 0.9583333333333334, 0.45454545454545453, 0.47058823529411764]","[0.9473684210526315, 0.896551724137931, 0.42857142857142855, 0.9078947368421053, 0.5555555555555556, 0.8]","[0.8780487804878049, 0.9285714285714286, 0.5, 0.9324324324324325, 0.5, 0.5925925925925926]"
mobilenetv3large_cbam,192,14,0.7731862707868901,0.8981601356015725,0.8982300884955752,0.8266119845067214,0.7621516674828834,"[0.8947368421052632, 1.0, 1.0, 0.9285714285714286, 0.6363636363636364, 0.5]","[0.8947368421052632, 0.9310344827586207, 0.42857142857142855, 0.9407894736842105, 0.7777777777777778, 0.6]","[0.8947368421052632, 0.9642857142857143, 0.6, 0.934640522875817, 0.7, 0.5454545454545454]"
mobilenetv3large_cbam,192,15,0.7445349360282041,0.8898633502558937,0.8893805309734514,0.7373113373113372,0.7705610021786492,"[0.8, 1.0, 0.6, 0.9459459459459459, 0.36363636363636365, 0.7142857142857143]","[0.8888888888888888, 1.0, 0.375, 0.9150326797385621, 0.4444444444444444, 1.0]","[0.8421052631578947, 1.0, 0.46153846153846156, 0.9302325581395349, 0.4, 0.8333333333333334]"
mobilenetv3large_cbam,224,1,0.7109823199756771,0.8829490750281135,0.8854625550660793,0.7264577416102727,0.6983460807190389,"[0.7894736842105263, 0.9615384615384616, 0.5714285714285714, 0.9363057324840764, 0.5, 0.6]","[0.7894736842105263, 0.8620689655172413, 0.5714285714285714, 0.9671052631578947, 0.4, 0.6]","[0.7894736842105263, 0.9090909090909091, 0.5714285714285714, 0.9514563106796117, 0.4444444444444444, 0.6]"
mobilenetv3large_cbam,224,2,0.7679384840037958,0.9032908364209237,0.9030837004405287,0.7618478711582161,0.7747948218683246,"[0.8571428571428571, 0.9655172413793104, 0.7142857142857143, 0.9533333333333334, 0.4444444444444444, 0.6363636363636364]","[0.9473684210526315, 0.9655172413793104, 0.7142857142857143, 0.9407894736842105, 0.4444444444444444, 0.6363636363636364]","[0.9, 0.9655172413793104, 0.7142857142857143, 0.9470198675496688, 0.4444444444444444, 0.6363636363636364]"
mobilenetv3large_cbam,224,3,0.6907928752391294,0.8544174350147081,0.8539823008849557,0.7042447303674376,0.6842344126600025,"[0.7058823529411765, 0.9259259259259259, 0.3333333333333333, 0.9096774193548387, 0.7142857142857143, 0.6363636363636364]","[0.631578947368421, 0.8620689655172413, 0.42857142857142855, 0.9276315789473685, 0.5555555555555556, 0.7]","[0.6666666666666666, 0.8928571428571429, 0.375, 0.9185667752442996, 0.625, 0.6666666666666666]"
mobilenetv3large_cbam,224,4,0.8364354604196721,0.9268686795567301,0.9203539823008849,0.8002567693744164,0.8974135530396873,"[0.85, 0.9333333333333333, 0.7142857142857143, 1.0, 0.47058823529411764, 0.8333333333333334]","[0.8947368421052632, 0.9655172413793104, 0.7142857142857143, 0.9210526315789473, 0.8888888888888888, 1.0]","[0.8717948717948718, 0.9491525423728814, 0.7142857142857143, 0.958904109589041, 0.6153846153846154, 0.9090909090909091]"
mobilenetv3large_cbam,224,5,0.6843841668403073,0.8726985722793826,0.8761061946902655,0.7025659824046921,0.68755057578587,"[0.75, 1.0, 0.4, 0.9290322580645162, 0.5, 0.6363636363636364]","[0.8333333333333334, 0.9285714285714286, 0.5, 0.9411764705882353, 0.2222222222222222, 0.7]","[0.7894736842105263, 0.9629629629629629, 0.4444444444444444, 0.935064935064935, 0.3076923076923077, 0.6666666666666666]"
mobilenetv3large_cbam,224,6,0.679718742205416,0.867072808502769,0.8678414096916299,0.6836921125986161,0.6882237922392186,"[0.8421052631578947, 0.9310344827586207, 0.5, 0.9337748344370861, 0.4666666666666667, 0.42857142857142855]","[0.8421052631578947, 0.9310344827586207, 0.42857142857142855, 0.9276315789473685, 0.7, 0.3]","[0.8421052631578947, 0.9310344827586207, 0.46153846153846156, 0.9306930693069307, 0.56, 0.35294117647058826]"
mobilenetv3large_cbam,224,7,0.7606266297055772,0.907013495559751,0.9030837004405287,0.7601416208872349,0.7665821314868503,"[1.0, 0.9629629629629629, 0.5, 0.9539473684210527, 0.4166666666666667, 0.7272727272727273]","[0.8947368421052632, 0.896551724137931, 0.5714285714285714, 0.9539473684210527, 0.5555555555555556, 0.7272727272727273]","[0.9444444444444444, 0.9285714285714286, 0.5333333333333333, 0.9539473684210527, 0.47619047619047616, 0.7272727272727273]"
mobilenetv3large_cbam,224,8,0.6709859722043882,0.8661899665285528,0.8716814159292036,0.6854932690375729,0.6695415502357426,"[0.8666666666666667, 0.9285714285714286, 0.4, 0.9177215189873418, 0.2, 0.8]","[0.6842105263157895, 0.896551724137931, 0.5714285714285714, 0.9539473684210527, 0.1111111111111111, 0.8]","[0.7647058823529411, 0.9122807017543859, 0.47058823529411764, 0.9354838709677419, 0.14285714285714285, 0.8]"
mobilenetv3large_cbam,224,9,0.8133239859555649,0.9131625958267784,0.911504424778761,0.7956241956241956,0.8341060985797828,"[0.75, 1.0, 0.7142857142857143, 0.9594594594594594, 0.6, 0.75]","[0.7894736842105263, 1.0, 0.7142857142857143, 0.9342105263157895, 0.6666666666666666, 0.9]","[0.7692307692307693, 1.0, 0.7142857142857143, 0.9466666666666667, 0.631578947368421, 0.8181818181818182]"
mobilenetv3large_cbam,224,10,0.7200104580981534,0.8760238230242187,0.8716814159292036,0.7024107440774108,0.7410636476812947,"[0.75, 0.9629629629629629, 0.5555555555555556, 0.9459459459459459, 0.36363636363636365, 0.6363636363636364]","[0.8333333333333334, 0.9285714285714286, 0.625, 0.9150326797385621, 0.4444444444444444, 0.7]","[0.7894736842105263, 0.9454545454545454, 0.5882352941176471, 0.9302325581395349, 0.4, 0.6666666666666666]"
mobilenetv3large_cbam,224,11,0.7376618660932386,0.877432614126058,0.8766519823788547,0.7487518037518037,0.7330297727076313,"[0.6666666666666666, 0.92, 0.7142857142857143, 0.9415584415584416, 0.5, 0.75]","[0.7368421052631579, 0.7931034482758621, 0.7142857142857143, 0.9539473684210527, 0.6, 0.6]","[0.7, 0.8518518518518519, 0.7142857142857143, 0.9477124183006536, 0.5454545454545454, 0.6666666666666666]"
mobilenetv3large_cbam,224,12,0.7462351995865658,0.8878081392477541,0.8810572687224669,0.7102930715606773,0.8014297870241608,"[0.8181818181818182, 1.0, 0.5454545454545454, 0.9647887323943662, 0.4, 0.5333333333333333]","[0.9473684210526315, 0.9310344827586207, 0.8571428571428571, 0.9013157894736842, 0.4444444444444444, 0.7272727272727273]","[0.8780487804878049, 0.9642857142857143, 0.6666666666666666, 0.9319727891156463, 0.42105263157894735, 0.6153846153846154]"
mobilenetv3large_cbam,224,13,0.697292554748695,0.8672204824090165,0.8628318584070797,0.7621237578852204,0.7215847329050596,"[0.7894736842105263, 0.9259259259259259, 1.0, 0.9455782312925171, 0.5, 0.4117647058823529]","[0.7894736842105263, 0.8620689655172413, 0.2857142857142857, 0.9144736842105263, 0.7777777777777778, 0.7]","[0.7894736842105263, 0.8928571428571429, 0.4444444444444444, 0.9297658862876255, 0.6086956521739131, 0.5185185185185185]"
mobilenetv3large_cbam,224,14,0.764335077009723,0.898423600215812,0.8982300884955752,0.7587506645401382,0.7732905059583826,"[0.7894736842105263, 0.8666666666666667, 0.5, 0.96, 0.6363636363636364, 0.8]","[0.7894736842105263, 0.896551724137931, 0.42857142857142855, 0.9473684210526315, 0.7777777777777778, 0.8]","[0.7894736842105263, 0.8813559322033898, 0.46153846153846156, 0.9536423841059603, 0.7, 0.8]"
mobilenetv3large_cbam,224,15,0.7374574776863106,0.9041352445439037,0.9026548672566371,0.7186292907967786,0.7818627450980392,"[0.8666666666666667, 0.9655172413793104, 0.3333333333333333, 0.9795918367346939, 0.5, 0.6666666666666666]","[0.7222222222222222, 1.0, 0.25, 0.9411764705882353, 0.7777777777777778, 1.0]","[0.7878787878787878, 0.9824561403508771, 0.2857142857142857, 0.96, 0.6086956521739131, 0.8]"
densenet121_cbam,192,1,0.6632956627055439,0.8127193372297448,0.7929515418502202,0.620477870130487,0.751012228847982,"[0.4411764705882353, 0.8846153846153846, 0.38461538461538464, 0.968503937007874, 0.42857142857142855, 0.6153846153846154]","[0.7894736842105263, 0.7931034482758621, 0.7142857142857143, 0.8092105263157895, 0.6, 0.8]","[0.5660377358490566, 0.8363636363636363, 0.5, 0.8817204301075269, 0.5, 0.6956521739130435]"
densenet121_cbam,192,2,0.5805541287779955,0.7866655865973677,0.762114537444934,0.5601973295521682,0.6416219602471871,"[0.5161290322580645, 1.0, 0.2, 0.9307692307692308, 0.2857142857142857, 0.42857142857142855]","[0.8421052631578947, 0.7931034482758621, 0.42857142857142855, 0.7960526315789473, 0.4444444444444444, 0.5454545454545454]","[0.64, 0.8846153846153846, 0.2727272727272727, 0.8581560283687943, 0.34782608695652173, 0.48]"
densenet121_cbam,192,3,0.6393180602681114,0.8207662354197842,0.8097345132743363,0.6077081290181977,0.7025579994046418,"[0.631578947368421, 0.8928571428571429, 0.375, 0.9347826086956522, 0.2857142857142857, 0.5263157894736842]","[0.631578947368421, 0.8620689655172413, 0.42857142857142855, 0.8486842105263158, 0.4444444444444444, 1.0]","[0.631578947368421, 0.8771929824561403, 0.4, 0.8896551724137931, 0.34782608695652173, 0.6896551724137931]"
densenet121_cbam,192,4,0.7021548676881073,0.8508726952625566,0.8407079646017699,0.6624710732656759,0.7605504421974477,"[0.6818181818181818, 0.9310344827586207, 0.5555555555555556, 0.9492753623188406, 0.42857142857142855, 0.42857142857142855]","[0.7894736842105263, 0.9310344827586207, 0.7142857142857143, 0.8618421052631579, 0.6666666666666666, 0.6]","[0.7317073170731707, 0.9310344827586207, 0.625, 0.903448275862069, 0.5217391304347826, 0.5]"
densenet121_cbam,192,5,0.7361348446874763,0.8858007095373188,0.8849557522123894,0.7407731525281194,0.7391728913787738,"[0.7, 0.9642857142857143, 0.8333333333333334, 0.9470198675496688, 0.3333333333333333, 0.6666666666666666]","[0.7777777777777778, 0.9642857142857143, 0.625, 0.934640522875817, 0.3333333333333333, 0.8]","[0.7368421052631579, 0.9642857142857143, 0.7142857142857143, 0.9407894736842105, 0.3333333333333333, 0.7272727272727273]"
densenet121_cbam,192,6,0.6649256064711003,0.8543587494714249,0.8502202643171806,0.6565337132003798,0.6794064903638407,"[0.7777777777777778, 0.9629629629629629, 0.3333333333333333, 0.9266666666666666, 0.5384615384615384, 0.4]","[0.7368421052631579, 0.896551724137931, 0.42857142857142855, 0.9144736842105263, 0.7, 0.4]","[0.7567567567567568, 0.9285714285714286, 0.375, 0.9205298013245033, 0.6086956521739131, 0.4]"
densenet121_cbam,192,7,0.6868151713009869,0.8390146302321764,0.8281938325991189,0.6589355742296918,0.7619939128559818,"[0.6071428571428571, 0.92, 0.42857142857142855, 0.9558823529411765, 0.5714285714285714, 0.47058823529411764]","[0.8947368421052632, 0.7931034482758621, 0.8571428571428571, 0.8552631578947368, 0.4444444444444444, 0.7272727272727273]","[0.723404255319149, 0.8518518518518519, 0.5714285714285714, 0.9027777777777778, 0.5, 0.5714285714285714]"
densenet121_cbam,192,8,0.7511028054632706,0.8838276296318074,0.8849557522123894,0.7445090811620362,0.7613091637138824,"[0.7142857142857143, 0.8387096774193549, 0.7142857142857143, 0.9530201342281879, 0.42857142857142855, 0.8181818181818182]","[0.7894736842105263, 0.896551724137931, 0.7142857142857143, 0.9342105263157895, 0.3333333333333333, 0.9]","[0.75, 0.8666666666666667, 0.7142857142857143, 0.9435215946843853, 0.375, 0.8571428571428571]"
densenet121_cbam,192,9,0.6356749408358731,0.8380909741310671,0.8362831858407079,0.6558637618420228,0.627589087661683,"[0.6521739130434783, 0.9583333333333334, 0.42857142857142855, 0.9090909090909091, 0.2727272727272727, 0.7142857142857143]","[0.7894736842105263, 0.7931034482758621, 0.42857142857142855, 0.9210526315789473, 0.3333333333333333, 0.5]","[0.7142857142857143, 0.8679245283018868, 0.42857142857142855, 0.9150326797385621, 0.3, 0.5882352941176471]"
densenet121_cbam,192,10,0.6542700861304511,0.8581971399248242,0.8584070796460177,0.6705641852700676,0.6636788048552754,"[0.8235294117647058, 1.0, 0.3333333333333333, 0.922077922077922, 0.5, 0.4444444444444444]","[0.7777777777777778, 0.8928571428571429, 0.25, 0.9281045751633987, 0.3333333333333333, 0.8]","[0.8, 0.9433962264150944, 0.2857142857142857, 0.9250814332247557, 0.4, 0.5714285714285714]"
densenet121_cbam,192,11,0.6626254853790154,0.8178646005038703,0.7973568281938326,0.6519620811287478,0.7104874254602022,"[0.5238095238095238, 0.8888888888888888, 0.625, 0.9481481481481482, 0.25925925925925924, 0.6666666666666666]","[0.5789473684210527, 0.8275862068965517, 0.7142857142857143, 0.8421052631578947, 0.7, 0.6]","[0.55, 0.8571428571428571, 0.6666666666666666, 0.89198606271777, 0.3783783783783784, 0.631578947368421]"
densenet121_cbam,192,12,0.6775227747968063,0.8184929096399904,0.8061674008810573,0.6448426921545202,0.7351231941749182,"[0.4838709677419355, 0.8888888888888888, 0.6, 0.9407407407407408, 0.5555555555555556, 0.4]","[0.7894736842105263, 0.8275862068965517, 0.8571428571428571, 0.8355263157894737, 0.5555555555555556, 0.5454545454545454]","[0.6, 0.8571428571428571, 0.7058823529411765, 0.8850174216027874, 0.5555555555555556, 0.46153846153846156]"
densenet121_cbam,192,13,0.626512948226287,0.801175405850492,0.7787610619469026,0.5829572569768647,0.7164293636389826,"[0.5185185185185185, 0.8571428571428571, 0.25, 0.9603174603174603, 0.5, 0.4117647058823529]","[0.7368421052631579, 0.8275862068965517, 0.5714285714285714, 0.7960526315789473, 0.6666666666666666, 0.7]","[0.6086956521739131, 0.8421052631578947, 0.34782608695652173, 0.8705035971223022, 0.5714285714285714, 0.5185185185185185]"
densenet121_cbam,192,14,0.6395916053780567,0.8479459722981542,0.8362831858407079,0.6361932762308703,0.657869770210968,"[0.8947368421052632, 1.0, 0.2857142857142857, 0.9251700680272109, 0.25, 0.46153846153846156]","[0.8947368421052632, 0.8275862068965517, 0.2857142857142857, 0.8947368421052632, 0.4444444444444444, 0.6]","[0.8947368421052632, 0.9056603773584906, 0.2857142857142857, 0.9096989966555183, 0.32, 0.5217391304347826]"
densenet121_cbam,192,15,0.6527583805182947,0.847337108768973,0.8539823008849557,0.6729371776840131,0.6506497043261749,"[0.6666666666666666, 1.0, 0.3333333333333333, 0.8987341772151899, 0.5555555555555556, 0.5833333333333334]","[0.6666666666666666, 0.9285714285714286, 0.125, 0.9281045751633987, 0.5555555555555556, 0.7]","[0.6666666666666666, 0.9629629629629629, 0.18181818181818182, 0.9131832797427653, 0.5555555555555556, 0.6363636363636364]"
densenet121_cbam,224,1,0.7092635961488419,0.8757953416074309,0.8766519823788547,0.7158725766292179,0.7047997148042521,"[0.8125, 0.8064516129032258, 0.42857142857142855, 0.9477124183006536, 0.5, 0.8]","[0.6842105263157895, 0.8620689655172413, 0.42857142857142855, 0.9539473684210527, 0.5, 0.8]","[0.7428571428571429, 0.8333333333333334, 0.42857142857142855, 0.9508196721311475, 0.5, 0.8]"
densenet121_cbam,224,2,0.7044742379630299,0.855826033213679,0.8458149779735683,0.6718063465326239,0.7641165675421573,"[0.6666666666666666, 0.9615384615384616, 0.42857142857142855, 0.9562043795620438, 0.375, 0.6428571428571429]","[0.9473684210526315, 0.8620689655172413, 0.42857142857142855, 0.8618421052631579, 0.6666666666666666, 0.8181818181818182]","[0.782608695652174, 0.9090909090909091, 0.42857142857142855, 0.9065743944636678, 0.48, 0.72]"
densenet121_cbam,224,3,0.6522575271815789,0.8083522351987863,0.7876106194690266,0.6194324624557183,0.7494251673244413,"[0.6363636363636364, 0.9615384615384616, 0.42857142857142855, 0.937984496124031, 0.4444444444444444, 0.3076923076923077]","[0.7368421052631579, 0.8620689655172413, 0.8571428571428571, 0.7960526315789473, 0.4444444444444444, 0.8]","[0.6829268292682927, 0.9090909090909091, 0.5714285714285714, 0.8612099644128114, 0.4444444444444444, 0.4444444444444444]"
densenet121_cbam,224,4,0.681730549592204,0.8502134244001128,0.831858407079646,0.6330130625188765,0.772608364781686,"[0.7272727272727273, 0.9, 0.26666666666666666, 0.9844961240310077, 0.35714285714285715, 0.5625]","[0.8421052631578947, 0.9310344827586207, 0.5714285714285714, 0.8355263157894737, 0.5555555555555556, 0.9]","[0.7804878048780488, 0.9152542372881356, 0.36363636363636365, 0.9039145907473309, 0.43478260869565216, 0.6923076923076923]"
densenet121_cbam,224,5,0.6465943059546119,0.8538755494750923,0.8672566371681416,0.7339274275859641,0.6188920012449425,"[0.6363636363636364, 0.96, 0.5714285714285714, 0.9024390243902439, 0.5, 0.8333333333333334]","[0.7777777777777778, 0.8571428571428571, 0.5, 0.9673202614379085, 0.1111111111111111, 0.5]","[0.7, 0.9056603773584906, 0.5333333333333333, 0.9337539432176656, 0.18181818181818182, 0.625]"
densenet121_cbam,224,6,0.6113542695121643,0.8276261672737444,0.8281938325991189,0.6213113803026084,0.6161718952553799,"[0.6190476190476191, 0.9259259259259259, 0.25, 0.9078947368421053, 0.625, 0.4]","[0.6842105263157895, 0.8620689655172413, 0.14285714285714285, 0.9078947368421053, 0.5, 0.6]","[0.65, 0.8928571428571429, 0.18181818181818182, 0.9078947368421053, 0.5555555555555556, 0.48]"
densenet121_cbam,224,7,0.7688363574410086,0.8798505602583054,0.8766519823788547,0.7821506989571866,0.7673775609347299,"[0.7083333333333334, 0.9259259259259259, 0.8333333333333334, 0.9395973154362416, 0.8571428571428571, 0.42857142857142855]","[0.8947368421052632, 0.8620689655172413, 0.7142857142857143, 0.9210526315789473, 0.6666666666666666, 0.5454545454545454]","[0.7906976744186046, 0.8928571428571429, 0.7692307692307693, 0.9302325581395349, 0.75, 0.48]"
densenet121_cbam,224,8,0.748873618698357,0.8820194618141244,0.8805309734513275,0.7315075973409306,0.7732033628131632,"[0.7222222222222222, 0.9259259259259259, 0.625, 0.9466666666666667, 0.4, 0.7692307692307693]","[0.6842105263157895, 0.8620689655172413, 0.7142857142857143, 0.9342105263157895, 0.4444444444444444, 1.0]","[0.7027027027027027, 0.8928571428571429, 0.6666666666666666, 0.9403973509933775, 0.42105263157894735, 0.8695652173913043]"
densenet121_cbam,224,9,0.738196827079049,0.8842570395553954,0.8849557522123894,0.7683547319220944,0.7260892893152421,"[0.8823529411764706, 0.9642857142857143, 0.75, 0.9225806451612903, 0.5454545454545454, 0.5454545454545454]","[0.7894736842105263, 0.9310344827586207, 0.42857142857142855, 0.9407894736842105, 0.6666666666666666, 0.6]","[0.8333333333333334, 0.9473684210526315, 0.5454545454545454, 0.9315960912052117, 0.6, 0.5714285714285714]"
densenet121_cbam,224,10,0.6782531564479587,0.8577871000930163,0.8539823008849557,0.6657189021319456,0.702077497665733,"[0.6086956521739131, 1.0, 0.5, 0.9391891891891891, 0.375, 0.5714285714285714]","[0.7777777777777778, 0.8928571428571429, 0.5, 0.9084967320261438, 0.3333333333333333, 0.8]","[0.6829268292682927, 0.9433962264150944, 0.5, 0.9235880398671097, 0.35294117647058826, 0.6666666666666666]"
densenet121_cbam,224,11,0.7368857176713558,0.8621298921494207,0.8546255506607929,0.6972205934312111,0.8078979777028779,"[0.65, 0.9310344827586207, 0.5454545454545454, 0.9568345323741008, 0.6, 0.5]","[0.6842105263157895, 0.9310344827586207, 0.8571428571428571, 0.875, 0.6, 0.9]","[0.6666666666666666, 0.9310344827586207, 0.6666666666666666, 0.9140893470790378, 0.6, 0.6428571428571429]"
densenet121_cbam,224,12,0.7559403869476392,0.8781389552049024,0.8722466960352423,0.7138095238095238,0.8160033486712254,"[0.64, 0.9285714285714286, 0.7, 0.9714285714285714, 0.4, 0.6428571428571429]","[0.8421052631578947, 0.896551724137931, 1.0, 0.8947368421052632, 0.4444444444444444, 0.8181818181818182]","[0.7272727272727273, 0.9122807017543859, 0.8235294117647058, 0.9315068493150684, 0.42105263157894735, 0.72]"
densenet121_cbam,224,13,0.6901827910078957,0.8473971178344498,0.8362831858407079,0.6555614656587893,0.759791480617252,"[0.6818181818181818, 0.9629629629629629, 0.42857142857142855, 0.948905109489051, 0.4444444444444444, 0.4666666666666667]","[0.7894736842105263, 0.896551724137931, 0.42857142857142855, 0.8552631578947368, 0.8888888888888888, 0.7]","[0.7317073170731707, 0.9285714285714286, 0.42857142857142855, 0.8996539792387543, 0.5925925925925926, 0.56]"
densenet121_cbam,224,14,0.7259433673427517,0.8802154330381404,0.8805309734513275,0.7555468607808898,0.7166384591747569,"[0.8823529411764706, 0.9629629629629629, 0.75, 0.9225806451612903, 0.4, 0.6153846153846154]","[0.7894736842105263, 0.896551724137931, 0.42857142857142855, 0.9407894736842105, 0.4444444444444444, 0.8]","[0.8333333333333334, 0.9285714285714286, 0.5454545454545454, 0.9315960912052117, 0.42105263157894735, 0.6956521739130435]"
densenet121_cbam,224,15,0.674343281799422,0.8576832696534606,0.8539823008849557,0.6689889631066102,0.7222883597883598,"[0.75, 0.9642857142857143, 0.38461538461538464, 0.9444444444444444, 0.5, 0.47058823529411764]","[0.8333333333333334, 0.9642857142857143, 0.625, 0.8888888888888888, 0.2222222222222222, 0.8]","[0.7894736842105263, 0.9642857142857143, 0.47619047619047616, 0.9158249158249159, 0.3076923076923077, 0.5925925925925926]"
efficientnetb3_cbam,192,1,0.7850223353959701,0.8981869838549895,0.9030837004405287,0.7952759605985413,0.8020114942528735,"[0.75, 0.9615384615384616, 0.7, 0.9419354838709677, 0.6, 0.8181818181818182]","[0.7894736842105263, 0.8620689655172413, 1.0, 0.9605263157894737, 0.3, 0.9]","[0.7692307692307693, 0.9090909090909091, 0.8235294117647058, 0.9511400651465798, 0.4, 0.8571428571428571]"
efficientnetb3_cbam,192,2,0.7975040885791392,0.9082464568341739,0.9118942731277533,0.8235097278200727,0.8040504103344394,"[0.85, 0.9655172413793104, 0.6363636363636364, 0.9415584415584416, 0.8333333333333334, 0.7142857142857143]","[0.8947368421052632, 0.9655172413793104, 1.0, 0.9539473684210527, 0.5555555555555556, 0.45454545454545453]","[0.8717948717948718, 0.9655172413793104, 0.7777777777777778, 0.9477124183006536, 0.6666666666666666, 0.5555555555555556]"
efficientnetb3_cbam,192,3,0.7012375722527526,0.866080381754342,0.8716814159292036,0.7496941486392963,0.7091440286540105,"[0.8571428571428571, 0.9629629629629629, 0.6, 0.9113924050632911, 0.6666666666666666, 0.5]","[0.631578947368421, 0.896551724137931, 0.8571428571428571, 0.9473684210526315, 0.2222222222222222, 0.7]","[0.7272727272727273, 0.9285714285714286, 0.7058823529411765, 0.9290322580645162, 0.3333333333333333, 0.5833333333333334]"
efficientnetb3_cbam,192,4,0.8321305771409993,0.9171228436227489,0.915929203539823,0.8308740192846154,0.837280461690625,"[0.7619047619047619, 1.0, 0.8333333333333334, 0.9536423841059603, 0.8, 0.6363636363636364]","[0.8421052631578947, 0.9310344827586207, 0.7142857142857143, 0.9473684210526315, 0.8888888888888888, 0.7]","[0.8, 0.9642857142857143, 0.7692307692307693, 0.9504950495049505, 0.8421052631578947, 0.6666666666666666]"
efficientnetb3_cbam,192,5,0.7511025573343418,0.8918185608438959,0.8938053097345132,0.7843562886666335,0.7434368191721132,"[0.7777777777777778, 0.9655172413793104, 0.75, 0.935064935064935, 0.5, 0.7777777777777778]","[0.7777777777777778, 1.0, 0.375, 0.9411764705882353, 0.6666666666666666, 0.7]","[0.7777777777777778, 0.9824561403508771, 0.5, 0.9381107491856677, 0.5714285714285714, 0.7368421052631579]"
efficientnetb3_cbam,192,6,0.7353087476212835,0.8696907061310258,0.8634361233480177,0.7117327117327118,0.7729949874686716,"[0.8, 0.9666666666666667, 0.5, 0.9370629370629371, 0.6666666666666666, 0.4]","[0.8421052631578947, 1.0, 0.7142857142857143, 0.881578947368421, 0.6, 0.6]","[0.8205128205128205, 0.9830508474576272, 0.5882352941176471, 0.9084745762711864, 0.631578947368421, 0.48]"
efficientnetb3_cbam,192,7,0.7748681037653716,0.8913494436217969,0.8854625550660793,0.7561068117574967,0.8121809334377393,"[0.7619047619047619, 0.9583333333333334, 0.7142857142857143, 0.9657534246575342, 0.6363636363636364, 0.5]","[0.8421052631578947, 0.7931034482758621, 0.7142857142857143, 0.9276315789473685, 0.7777777777777778, 0.8181818181818182]","[0.8, 0.8679245283018868, 0.7142857142857143, 0.9463087248322147, 0.7, 0.6206896551724138]"
efficientnetb3_cbam,192,8,0.7278026272472408,0.8901291542533687,0.8938053097345132,0.7502285513361464,0.7263046265088008,"[0.7777777777777778, 0.9583333333333334, 0.5555555555555556, 0.9430379746835443, 0.6, 0.6666666666666666]","[0.7368421052631579, 0.7931034482758621, 0.7142857142857143, 0.9802631578947368, 0.3333333333333333, 0.8]","[0.7567567567567568, 0.8679245283018868, 0.625, 0.9612903225806452, 0.42857142857142855, 0.7272727272727273]"
efficientnetb3_cbam,192,9,0.7920966234465426,0.9027532634615538,0.8938053097345132,0.7713011584528969,0.841739646049991,"[0.6956521739130435, 1.0, 0.6666666666666666, 0.9787234042553191, 0.4117647058823529, 0.875]","[0.8421052631578947, 0.9655172413793104, 0.8571428571428571, 0.9078947368421053, 0.7777777777777778, 0.7]","[0.7619047619047619, 0.9824561403508771, 0.75, 0.9419795221843004, 0.5384615384615384, 0.7777777777777778]"
efficientnetb3_cbam,192,10,0.7078855590942618,0.8569619337612606,0.8495575221238938,0.6791287068384508,0.7645541549953315,"[0.7058823529411765, 0.84375, 0.5555555555555556, 0.9640287769784173, 0.5555555555555556, 0.45]","[0.6666666666666666, 0.9642857142857143, 0.625, 0.8758169934640523, 0.5555555555555556, 0.9]","[0.6857142857142857, 0.9, 0.5882352941176471, 0.9178082191780822, 0.5555555555555556, 0.6]"
efficientnetb3_cbam,192,11,0.7587258719219978,0.8752514991488441,0.8678414096916299,0.7408576458752515,0.8114067496327024,"[0.7857142857142857, 0.9, 0.8571428571428571, 0.9647887323943662, 0.4375, 0.5]","[0.5789473684210527, 0.9310344827586207, 0.8571428571428571, 0.9013157894736842, 0.7, 0.9]","[0.6666666666666666, 0.9152542372881356, 0.8571428571428571, 0.9319727891156463, 0.5384615384615384, 0.6428571428571429]"
efficientnetb3_cbam,192,12,0.851632992759613,0.9353923582616359,0.9383259911894273,0.9046176046176045,0.8464026227184123,"[0.8, 0.9666666666666667, 0.7, 0.961038961038961, 1.0, 1.0]","[0.8421052631578947, 1.0, 1.0, 0.9736842105263158, 0.4444444444444444, 0.8181818181818182]","[0.8205128205128205, 0.9830508474576272, 0.8235294117647058, 0.9673202614379085, 0.6153846153846154, 0.9]"
efficientnetb3_cbam,192,13,0.646774404137658,0.8629531562297265,0.8672566371681416,0.6866667868777574,0.6291071308539549,"[0.7777777777777778, 0.9629629629629629, 0.2, 0.9177215189873418, 0.8, 0.46153846153846156]","[0.7368421052631579, 0.896551724137931, 0.14285714285714285, 0.9539473684210527, 0.4444444444444444, 0.6]","[0.7567567567567568, 0.9285714285714286, 0.16666666666666666, 0.9354838709677419, 0.5714285714285714, 0.5217391304347826]"
efficientnetb3_cbam,192,14,0.730091515112035,0.8819860399397462,0.8805309734513275,0.7274006604879087,0.7499787543571573,"[0.68, 1.0, 0.5, 0.9463087248322147, 0.6666666666666666, 0.5714285714285714]","[0.8947368421052632, 0.896551724137931, 0.7142857142857143, 0.9276315789473685, 0.6666666666666666, 0.4]","[0.7727272727272727, 0.9454545454545454, 0.5882352941176471, 0.9368770764119602, 0.6666666666666666, 0.47058823529411764]"
efficientnetb3_cbam,192,15,0.7716414732808176,0.8808268693442058,0.8805309734513275,0.7743674024633777,0.7784274821039526,"[0.6470588235294118, 0.9285714285714286, 0.8333333333333334, 0.9342105263157895, 0.6363636363636364, 0.6666666666666666]","[0.6111111111111112, 0.9285714285714286, 0.625, 0.9281045751633987, 0.7777777777777778, 0.8]","[0.6285714285714286, 0.9285714285714286, 0.7142857142857143, 0.9311475409836065, 0.7, 0.7272727272727273]"
efficientnetb3_cbam,224,1,0.7775503872220746,0.9008993331949504,0.9074889867841409,0.8348099896842035,0.7544378186846427,"[0.7619047619047619, 0.9629629629629629, 0.7142857142857143, 0.9308176100628931, 0.75, 0.8888888888888888]","[0.8421052631578947, 0.896551724137931, 0.7142857142857143, 0.9736842105263158, 0.3, 0.8]","[0.8, 0.9285714285714286, 0.7142857142857143, 0.9517684887459807, 0.42857142857142855, 0.8421052631578947]"
efficientnetb3_cbam,224,2,0.7767023911240765,0.8875362376738198,0.8854625550660793,0.780944265123268,0.7764873805028071,"[0.9411764705882353, 0.9, 0.8571428571428571, 0.9337748344370861, 0.625, 0.42857142857142855]","[0.8421052631578947, 0.9310344827586207, 0.8571428571428571, 0.9276315789473685, 0.5555555555555556, 0.5454545454545454]","[0.8888888888888888, 0.9152542372881356, 0.8571428571428571, 0.9306930693069307, 0.5882352941176471, 0.48]"
efficientnetb3_cbam,224,3,0.7648226574619329,0.8783957068619043,0.8716814159292036,0.7468650546561505,0.7972078183965662,"[0.6818181818181818, 1.0, 0.75, 0.9452054794520548, 0.6666666666666666, 0.4375]","[0.7894736842105263, 0.8620689655172413, 0.8571428571428571, 0.9078947368421053, 0.6666666666666666, 0.7]","[0.7317073170731707, 0.9259259259259259, 0.8, 0.9261744966442953, 0.6666666666666666, 0.5384615384615384]"
efficientnetb3_cbam,224,4,0.7791548689853776,0.8958026574195764,0.8893805309734514,0.7643140301963832,0.8170561701187836,"[0.64, 1.0, 0.6666666666666666, 0.972027972027972, 0.7777777777777778, 0.5294117647058824]","[0.8421052631578947, 0.896551724137931, 0.5714285714285714, 0.9144736842105263, 0.7777777777777778, 0.9]","[0.7272727272727273, 0.9454545454545454, 0.6153846153846154, 0.9423728813559322, 0.7777777777777778, 0.6666666666666666]"
efficientnetb3_cbam,224,5,0.7805717072744937,0.9094490080729429,0.911504424778761,0.8251854200799816,0.7494125427948957,"[0.8235294117647058, 1.0, 0.8333333333333334, 0.9371069182389937, 0.5, 0.8571428571428571]","[0.7777777777777778, 0.9642857142857143, 0.625, 0.9738562091503268, 0.5555555555555556, 0.6]","[0.8, 0.9818181818181818, 0.7142857142857143, 0.9551282051282052, 0.5263157894736842, 0.7058823529411765]"
efficientnetb3_cbam,224,6,0.7345426644738322,0.8933567657180331,0.8942731277533039,0.7445353579459538,0.7407613862241811,"[0.7727272727272727, 0.9642857142857143, 0.5714285714285714, 0.9536423841059603, 0.5384615384615384, 0.6666666666666666]","[0.8947368421052632, 0.9310344827586207, 0.5714285714285714, 0.9473684210526315, 0.7, 0.4]","[0.8292682926829268, 0.9473684210526315, 0.5714285714285714, 0.9504950495049505, 0.6086956521739131, 0.5]"
efficientnetb3_cbam,224,7,0.7473829821783786,0.8867726542829352,0.8810572687224669,0.735769273812752,0.7783237591540678,"[0.6956521739130435, 1.0, 0.7142857142857143, 0.9662162162162162, 0.5, 0.5384615384615384]","[0.8421052631578947, 0.7586206896551724, 0.7142857142857143, 0.9407894736842105, 0.7777777777777778, 0.6363636363636364]","[0.7619047619047619, 0.8627450980392157, 0.7142857142857143, 0.9533333333333334, 0.6086956521739131, 0.5833333333333334]"
efficientnetb3_cbam,224,8,0.7523693218995103,0.9020874089838276,0.8982300884955752,0.7451371616739751,0.784512886622687,"[0.8823529411764706, 1.0, 0.46153846153846156, 0.9602649006622517, 0.5, 0.6666666666666666]","[0.7894736842105263, 0.8620689655172413, 0.8571428571428571, 0.9539473684210527, 0.4444444444444444, 0.8]","[0.8333333333333334, 0.9259259259259259, 0.6, 0.9570957095709571, 0.47058823529411764, 0.7272727272727273]"
efficientnetb3_cbam,224,9,0.7750246607298665,0.887024271795042,0.8849557522123894,0.7649603174603175,0.7966060985797828,"[0.8666666666666667, 1.0, 0.625, 0.9266666666666666, 0.6, 0.5714285714285714]","[0.6842105263157895, 1.0, 0.7142857142857143, 0.9144736842105263, 0.6666666666666666, 0.8]","[0.7647058823529411, 1.0, 0.6666666666666666, 0.9205298013245033, 0.631578947368421, 0.6666666666666666]"
efficientnetb3_cbam,224,10,0.8058002889157252,0.9073565658624906,0.911504424778761,0.852579365079365,0.7769607843137255,"[0.8, 1.0, 0.8571428571428571, 0.925, 0.7, 0.8333333333333334]","[0.6666666666666666, 1.0, 0.75, 0.9673202614379085, 0.7777777777777778, 0.5]","[0.7272727272727273, 1.0, 0.8, 0.9456869009584664, 0.7368421052631579, 0.625]"
efficientnetb3_cbam,224,11,0.6901486087012404,0.8526759290635942,0.8546255506607929,0.7435127714202417,0.6961876674444732,"[0.5161290322580645, 1.0, 0.7142857142857143, 0.9276315789473685, 0.6666666666666666, 0.6363636363636364]","[0.8421052631578947, 0.7931034482758621, 0.7142857142857143, 0.9276315789473685, 0.2, 0.7]","[0.64, 0.8846153846153846, 0.7142857142857143, 0.9276315789473685, 0.3076923076923077, 0.6666666666666666]"
efficientnetb3_cbam,224,12,0.7325071747105646,0.8881369468302942,0.8898678414096917,0.7317182567182566,0.7807915054965872,"[0.8888888888888888, 0.9333333333333333, 0.5, 0.9527027027027027, 0.5, 0.6153846153846154]","[0.8421052631578947, 0.9655172413793104, 1.0, 0.9276315789473685, 0.2222222222222222, 0.7272727272727273]","[0.8648648648648649, 0.9491525423728814, 0.6666666666666666, 0.94, 0.3076923076923077, 0.6666666666666666]"
efficientnetb3_cbam,224,13,0.7483105085393608,0.891330463001882,0.8893805309734514,0.7360024489334833,0.7626702052065029,"[0.6818181818181818, 0.896551724137931, 0.5714285714285714, 0.9662162162162162, 0.7, 0.6]","[0.7894736842105263, 0.896551724137931, 0.5714285714285714, 0.9407894736842105, 0.7777777777777778, 0.6]","[0.7317073170731707, 0.896551724137931, 0.5714285714285714, 0.9533333333333334, 0.7368421052631579, 0.6]"
efficientnetb3_cbam,224,14,0.775124003628433,0.8990358281286908,0.8982300884955752,0.7901393245807675,0.7836917485284092,"[0.8421052631578947, 1.0, 0.8, 0.9403973509933775, 0.5333333333333333, 0.625]","[0.8421052631578947, 0.9655172413793104, 0.5714285714285714, 0.9342105263157895, 0.8888888888888888, 0.5]","[0.8421052631578947, 0.9824561403508771, 0.6666666666666666, 0.9372937293729373, 0.6666666666666666, 0.5555555555555556]"
efficientnetb3_cbam,224,15,0.7978811682775877,0.9070768977079096,0.9070796460176991,0.805188270510851,0.8003112356053532,"[0.8571428571428571, 1.0, 0.6666666666666666, 0.9419354838709677, 0.75, 0.6153846153846154]","[0.6666666666666666, 0.9642857142857143, 0.75, 0.954248366013072, 0.6666666666666666, 0.8]","[0.75, 0.9818181818181818, 0.7058823529411765, 0.948051948051948, 0.7058823529411765, 0.6956521739130435]"
resnet50_cbam,192,1,0.719610546010685,0.8631868338507975,0.8546255506607929,0.7226635049063551,0.7376004666839514,"[0.65, 0.9259259259259259, 0.5714285714285714, 0.9452054794520548, 0.3684210526315789, 0.875]","[0.6842105263157895, 0.8620689655172413, 0.5714285714285714, 0.9078947368421053, 0.7, 0.7]","[0.6666666666666666, 0.8928571428571429, 0.5714285714285714, 0.9261744966442953, 0.4827586206896552, 0.7777777777777778]"
resnet50_cbam,192,2,0.731465532108431,0.8683693767095545,0.8634361233480177,0.7056588886986188,0.7653717190922275,"[0.7391304347826086, 0.896551724137931, 0.625, 0.951048951048951, 0.5555555555555556, 0.4666666666666667]","[0.8947368421052632, 0.896551724137931, 0.7142857142857143, 0.8947368421052632, 0.5555555555555556, 0.6363636363636364]","[0.8095238095238095, 0.896551724137931, 0.6666666666666666, 0.9220338983050848, 0.5555555555555556, 0.5384615384615384]"
resnet50_cbam,192,3,0.6375536332741237,0.8313745259703947,0.831858407079646,0.6550517973023281,0.6322607284494762,"[0.7692307692307693, 0.9259259259259259, 0.3333333333333333, 0.89171974522293, 0.45454545454545453, 0.5555555555555556]","[0.5263157894736842, 0.8620689655172413, 0.42857142857142855, 0.9210526315789473, 0.5555555555555556, 0.5]","[0.625, 0.8928571428571429, 0.375, 0.9061488673139159, 0.5, 0.5263157894736842]"
resnet50_cbam,192,4,0.7057637998885475,0.8469451333830825,0.827433628318584,0.6474434035909445,0.8346732492149916,"[0.6785714285714286, 1.0, 0.35714285714285715, 0.9918032786885246, 0.42857142857142855, 0.42857142857142855]","[1.0, 0.9310344827586207, 0.7142857142857143, 0.7960526315789473, 0.6666666666666666, 0.9]","[0.8085106382978723, 0.9642857142857143, 0.47619047619047616, 0.8832116788321168, 0.5217391304347826, 0.5806451612903226]"
resnet50_cbam,192,5,0.7360521773834466,0.8884075813498536,0.8849557522123894,0.7314712615485242,0.7454209461562402,"[0.7222222222222222, 0.9629629629629629, 0.5555555555555556, 0.9536423841059603, 0.4166666666666667, 0.7777777777777778]","[0.7222222222222222, 0.9285714285714286, 0.625, 0.9411764705882353, 0.5555555555555556, 0.7]","[0.7222222222222222, 0.9454545454545454, 0.5882352941176471, 0.9473684210526315, 0.47619047619047616, 0.7368421052631579]"
resnet50_cbam,192,6,0.7314117735500169,0.8832116011145796,0.8854625550660793,0.7582247203214943,0.7128305677988074,"[0.8888888888888888, 0.9333333333333333, 0.6, 0.9225806451612903, 0.75, 0.45454545454545453]","[0.8421052631578947, 0.9655172413793104, 0.42857142857142855, 0.9407894736842105, 0.6, 0.5]","[0.8648648648648649, 0.9491525423728814, 0.5, 0.9315960912052117, 0.6666666666666666, 0.47619047619047616]"
resnet50_cbam,192,7,0.7120243434599871,0.8669978366864135,0.8634361233480177,0.7619966604403691,0.7160825369763663,"[0.75, 0.96, 1.0, 0.9337748344370861, 0.4666666666666667, 0.46153846153846156]","[0.7894736842105263, 0.8275862068965517, 0.42857142857142855, 0.9276315789473685, 0.7777777777777778, 0.5454545454545454]","[0.7692307692307693, 0.8888888888888888, 0.6, 0.9306930693069307, 0.5833333333333334, 0.5]"
resnet50_cbam,192,8,0.6928023797668841,0.8817571708165398,0.8805309734513275,0.6903727673022976,0.715005905568519,"[0.7222222222222222, 0.9285714285714286, 0.6, 0.9664429530201343, 0.3, 0.625]","[0.6842105263157895, 0.896551724137931, 0.42857142857142855, 0.9473684210526315, 0.3333333333333333, 1.0]","[0.7027027027027027, 0.9122807017543859, 0.5, 0.9568106312292359, 0.3157894736842105, 0.7692307692307693]"
resnet50_cbam,192,9,0.7392310003785365,0.8877250810912909,0.8805309734513275,0.7251745813859746,0.7779865132179107,"[0.8095238095238095, 0.9032258064516129, 0.5, 0.9716312056737588, 0.3888888888888889, 0.7777777777777778]","[0.8947368421052632, 0.9655172413793104, 0.42857142857142855, 0.9013157894736842, 0.7777777777777778, 0.7]","[0.85, 0.9333333333333333, 0.46153846153846156, 0.9351535836177475, 0.5185185185185185, 0.7368421052631579]"
resnet50_cbam,192,10,0.7594526698949822,0.8944560451158166,0.8982300884955752,0.8101463800932973,0.7379084967320262,"[1.0, 0.9032258064516129, 0.8, 0.930379746835443, 0.5, 0.7272727272727273]","[0.6111111111111112, 1.0, 0.5, 0.9607843137254902, 0.5555555555555556, 0.8]","[0.7586206896551724, 0.9491525423728814, 0.6153846153846154, 0.9453376205787781, 0.5263157894736842, 0.7619047619047619]"
resnet50_cbam,192,11,0.6896201633592725,0.8428601019292128,0.8193832599118943,0.6527816830429783,0.7854874254602021,"[0.8, 0.96, 0.45454545454545453, 0.9767441860465116, 0.30434782608695654, 0.42105263157894735]","[0.8421052631578947, 0.8275862068965517, 0.7142857142857143, 0.8289473684210527, 0.7, 0.8]","[0.8205128205128205, 0.8888888888888888, 0.5555555555555556, 0.896797153024911, 0.42424242424242425, 0.5517241379310345]"
resnet50_cbam,192,12,0.787703968290681,0.8907113771956242,0.8898678414096917,0.8039986701751407,0.8053806363697471,"[0.9285714285714286, 0.9642857142857143, 0.6363636363636364, 0.9281045751633987, 0.8333333333333334, 0.5333333333333333]","[0.6842105263157895, 0.9310344827586207, 1.0, 0.9342105263157895, 0.5555555555555556, 0.7272727272727273]","[0.7878787878787878, 0.9473684210526315, 0.7777777777777778, 0.9311475409836065, 0.6666666666666666, 0.6153846153846154]"
resnet50_cbam,192,13,0.6880160663055399,0.8791161434966744,0.8761061946902655,0.7027068934963672,0.748871700323606,"[0.7894736842105263, 0.9615384615384616, 0.5, 0.9722222222222222, 0.5384615384615384, 0.45454545454545453]","[0.7894736842105263, 0.8620689655172413, 0.14285714285714285, 0.9210526315789473, 0.7777777777777778, 1.0]","[0.7894736842105263, 0.9090909090909091, 0.2222222222222222, 0.9459459459459459, 0.6363636363636364, 0.625]"
resnet50_cbam,192,14,0.7359654283192514,0.8990141148663657,0.8938053097345132,0.7111586689172896,0.7672931130508264,"[0.85, 0.9655172413793104, 0.5, 0.9724137931034482, 0.36363636363636365, 0.6153846153846154]","[0.8947368421052632, 0.9655172413793104, 0.5714285714285714, 0.9276315789473685, 0.4444444444444444, 0.8]","[0.8717948717948718, 0.9655172413793104, 0.5333333333333333, 0.9494949494949495, 0.4, 0.6956521739130435]"
resnet50_cbam,192,15,0.7392667242914768,0.8733899938666433,0.8716814159292036,0.7328703703703704,0.7470160286336758,"[0.6190476190476191, 0.9642857142857143, 0.625, 0.9333333333333333, 0.5555555555555556, 0.7]","[0.7222222222222222, 0.9642857142857143, 0.625, 0.9150326797385621, 0.5555555555555556, 0.7]","[0.6666666666666666, 0.9642857142857143, 0.625, 0.9240924092409241, 0.5555555555555556, 0.7]"
resnet50_cbam,224,1,0.7101487835339326,0.8710322987402488,0.8722466960352423,0.7477349661489446,0.6873811684383372,"[0.5833333333333334, 0.9259259259259259, 0.6666666666666666, 0.9354838709677419, 0.375, 1.0]","[0.7368421052631579, 0.8620689655172413, 0.5714285714285714, 0.9539473684210527, 0.3, 0.7]","[0.6511627906976745, 0.8928571428571429, 0.6153846153846154, 0.9446254071661238, 0.3333333333333333, 0.8235294117647058]"
resnet50_cbam,224,2,0.7596942039826461,0.9020699167350719,0.9030837004405287,0.775421712600277,0.7461353008086221,"[0.9411764705882353, 0.9310344827586207, 0.6666666666666666, 0.9419354838709677, 0.4444444444444444, 0.7272727272727273]","[0.8421052631578947, 0.9310344827586207, 0.5714285714285714, 0.9605263157894737, 0.4444444444444444, 0.7272727272727273]","[0.8888888888888888, 0.9310344827586207, 0.6153846153846154, 0.9511400651465798, 0.4444444444444444, 0.7272727272727273]"
resnet50_cbam,224,3,0.6457847353350675,0.8370943336542208,0.8407079646017699,0.6656240521686381,0.6326018590537646,"[0.625, 0.8928571428571429, 0.5, 0.9044585987261147, 0.5714285714285714, 0.5]","[0.5263157894736842, 0.8620689655172413, 0.42857142857142855, 0.9342105263157895, 0.4444444444444444, 0.6]","[0.5714285714285714, 0.8771929824561403, 0.46153846153846156, 0.919093851132686, 0.5, 0.5454545454545454]"
resnet50_cbam,224,4,0.7587256148420481,0.8850693036298973,0.8761061946902655,0.712074204546625,0.8384188440449784,"[0.782608695652174, 0.9333333333333333, 0.5714285714285714, 0.9850746268656716, 0.5, 0.5]","[0.9473684210526315, 0.9655172413793104, 0.5714285714285714, 0.868421052631579, 0.7777777777777778, 0.9]","[0.8571428571428571, 0.9491525423728814, 0.5714285714285714, 0.9230769230769231, 0.6086956521739131, 0.6428571428571429]"
resnet50_cbam,224,5,0.7330714250012496,0.8935401547511468,0.8893805309734514,0.7166524943310657,0.7650015561780269,"[0.8, 1.0, 0.5714285714285714, 0.9659863945578231, 0.4, 0.5625]","[0.8888888888888888, 0.9285714285714286, 0.5, 0.9281045751633987, 0.4444444444444444, 0.9]","[0.8421052631578947, 0.9629629629629629, 0.5333333333333333, 0.9466666666666667, 0.42105263157894735, 0.6923076923076923]"
resnet50_cbam,224,6,0.7310062751334901,0.8914866442518047,0.9030837004405287,0.8540989806807642,0.6705060063952986,"[0.9411764705882353, 0.9655172413793104, 1.0, 0.9036144578313253, 0.7142857142857143, 0.6]","[0.8421052631578947, 0.9655172413793104, 0.42857142857142855, 0.9868421052631579, 0.5, 0.3]","[0.8888888888888888, 0.9655172413793104, 0.6, 0.9433962264150944, 0.5882352941176471, 0.4]"
resnet50_cbam,224,7,0.7255926628658026,0.8774506015405622,0.8766519823788547,0.7218875258402321,0.731579853063519,"[0.8235294117647058, 0.896551724137931, 0.625, 0.9407894736842105, 0.5, 0.5454545454545454]","[0.7368421052631579, 0.896551724137931, 0.7142857142857143, 0.9407894736842105, 0.5555555555555556, 0.5454545454545454]","[0.7777777777777778, 0.896551724137931, 0.6666666666666666, 0.9407894736842105, 0.5263157894736842, 0.5454545454545454]"
resnet50_cbam,224,8,0.7277549697458164,0.8895421695537125,0.8893805309734514,0.7355991312131662,0.746835479503356,"[0.8333333333333334, 0.9629629629629629, 0.45454545454545453, 0.9473684210526315, 0.6, 0.6153846153846154]","[0.7894736842105263, 0.896551724137931, 0.7142857142857143, 0.9473684210526315, 0.3333333333333333, 0.8]","[0.8108108108108109, 0.9285714285714286, 0.5555555555555556, 0.9473684210526315, 0.42857142857142855, 0.6956521739130435]"
resnet50_cbam,224,9,0.7528157669132912,0.8967724453119869,0.8938053097345132,0.7938800389539306,0.7642992778882071,"[0.7272727272727273, 0.896551724137931, 1.0, 0.9727891156462585, 0.4666666666666667, 0.7]","[0.8421052631578947, 0.896551724137931, 0.42857142857142855, 0.9407894736842105, 0.7777777777777778, 0.7]","[0.7804878048780488, 0.896551724137931, 0.6, 0.9565217391304348, 0.5833333333333334, 0.7]"
resnet50_cbam,224,10,0.7536443586443586,0.8804458377467227,0.8761061946902655,0.7312539584598406,0.7922930283224402,"[0.8235294117647058, 0.875, 0.7142857142857143, 0.958041958041958, 0.4166666666666667, 0.6]","[0.7777777777777778, 1.0, 0.625, 0.8954248366013072, 0.5555555555555556, 0.9]","[0.8, 0.9333333333333333, 0.6666666666666666, 0.9256756756756757, 0.47619047619047616, 0.72]"
resnet50_cbam,224,11,0.7405467306225558,0.8866895930287254,0.8810572687224669,0.7134635832004254,0.7767262985048827,"[0.7368421052631579, 0.9, 0.4444444444444444, 0.9722222222222222, 0.5, 0.7272727272727273]","[0.7368421052631579, 0.9310344827586207, 0.5714285714285714, 0.9210526315789473, 0.7, 0.8]","[0.7368421052631579, 0.9152542372881356, 0.5, 0.9459459459459459, 0.5833333333333334, 0.7619047619047619]"
resnet50_cbam,224,12,0.6536766997231819,0.8579516985164218,0.8634361233480177,0.7006027253668764,0.6396726425083957,"[0.7083333333333334, 1.0, 0.3333333333333333, 0.9119496855345912, 0.5, 0.75]","[0.8947368421052632, 0.7931034482758621, 0.42857142857142855, 0.9539473684210527, 0.2222222222222222, 0.5454545454545454]","[0.7906976744186046, 0.8846153846153846, 0.375, 0.932475884244373, 0.3076923076923077, 0.631578947368421]"
resnet50_cbam,224,13,0.7375525988204853,0.8835434657514669,0.8805309734513275,0.7412824104000574,0.7836150481567904,"[0.7727272727272727, 0.9642857142857143, 0.6666666666666666, 0.958041958041958, 0.6153846153846154, 0.47058823529411764]","[0.8947368421052632, 0.9310344827586207, 0.2857142857142857, 0.9013157894736842, 0.8888888888888888, 0.8]","[0.8292682926829268, 0.9473684210526315, 0.4, 0.9288135593220339, 0.7272727272727273, 0.5925925925925926]"
resnet50_cbam,224,14,0.730622009569378,0.8975060337892197,0.8982300884955752,0.737620566567935,0.7387597345855058,"[0.8571428571428571, 1.0, 0.5, 0.9473684210526315, 0.45454545454545453, 0.6666666666666666]","[0.9473684210526315, 0.896551724137931, 0.2857142857142857, 0.9473684210526315, 0.5555555555555556, 0.8]","[0.9, 0.9454545454545454, 0.36363636363636365, 0.9473684210526315, 0.5, 0.7272727272727273]"
resnet50_cbam,224,15,0.7296661193212918,0.8711800863158812,0.8628318584070797,0.7336258834434016,0.7870098039215686,"[0.6666666666666666, 0.9333333333333333, 0.75, 0.9708029197080292, 0.38095238095238093, 0.7]","[0.8888888888888888, 1.0, 0.375, 0.869281045751634, 0.8888888888888888, 0.7]","[0.7619047619047619, 0.9655172413793104, 0.5, 0.9172413793103448, 0.5333333333333333, 0.7]"
inceptionv3_cbam,192,1,0.6557909504400733,0.8202840512485772,0.8149779735682819,0.6355158069113591,0.6883836747040014,"[0.4782608695652174, 0.9259259259259259, 0.625, 0.9172413793103448, 0.3333333333333333, 0.5333333333333333]","[0.5789473684210527, 0.8620689655172413, 0.7142857142857143, 0.875, 0.3, 0.8]","[0.5238095238095238, 0.8928571428571429, 0.6666666666666666, 0.8956228956228957, 0.3157894736842105, 0.64]"
inceptionv3_cbam,192,2,0.5842717531147645,0.8016828783733605,0.801762114537445,0.6029857171409683,0.6008501312494053,"[0.45454545454545453, 0.9259259259259259, 0.5, 0.9041095890410958, 0.3333333333333333, 0.5]","[0.7894736842105263, 0.8620689655172413, 0.42857142857142855, 0.868421052631579, 0.1111111111111111, 0.5454545454545454]","[0.5769230769230769, 0.8928571428571429, 0.46153846153846156, 0.8859060402684564, 0.16666666666666666, 0.5217391304347826]"
inceptionv3_cbam,192,3,0.5500162605425764,0.7609730485836681,0.7433628318584071,0.5184495710462425,0.6074935902975831,"[0.4782608695652174, 0.7857142857142857, 0.3333333333333333, 0.9104477611940298, 0.25, 0.35294117647058826]","[0.5789473684210527, 0.7586206896551724, 0.5714285714285714, 0.8026315789473685, 0.3333333333333333, 0.6]","[0.5238095238095238, 0.7719298245614035, 0.42105263157894735, 0.8531468531468531, 0.2857142857142857, 0.4444444444444444]"
inceptionv3_cbam,192,4,0.6650379500232936,0.8273474646827784,0.827433628318584,0.6668650793650793,0.6738720604192473,"[0.6428571428571429, 0.875, 0.6666666666666666, 0.9, 0.3333333333333333, 0.5833333333333334]","[0.47368421052631576, 0.9655172413793104, 0.5714285714285714, 0.8881578947368421, 0.4444444444444444, 0.7]","[0.5454545454545454, 0.9180327868852459, 0.6153846153846154, 0.8940397350993378, 0.38095238095238093, 0.6363636363636364]"
inceptionv3_cbam,192,5,0.6700333722005549,0.8470238643791345,0.8495575221238938,0.7023845081640782,0.6615974167444757,"[0.55, 0.9629629629629629, 0.75, 0.9096774193548387, 0.375, 0.6666666666666666]","[0.6111111111111112, 0.9285714285714286, 0.375, 0.9215686274509803, 0.3333333333333333, 0.8]","[0.5789473684210527, 0.9454545454545454, 0.5, 0.9155844155844156, 0.35294117647058826, 0.7272727272727273]"
inceptionv3_cbam,192,6,0.45707167072707233,0.6444212883236479,0.5991189427312775,0.4326532624565291,0.5602476017630282,"[0.39285714285714285, 0.7941176470588235, 0.125, 0.9052631578947369, 0.16129032258064516, 0.21739130434782608]","[0.5789473684210527, 0.9310344827586207, 0.2857142857142857, 0.5657894736842105, 0.5, 0.5]","[0.46808510638297873, 0.8571428571428571, 0.17391304347826086, 0.6963562753036437, 0.24390243902439024, 0.30303030303030304]"
inceptionv3_cbam,192,7,0.6994931997253979,0.8420380785017111,0.8458149779735683,0.7785523951168124,0.6562077433220809,"[0.6190476190476191, 0.9545454545454546, 1.0, 0.8834355828220859, 0.5, 0.7142857142857143]","[0.6842105263157895, 0.7241379310344828, 0.5714285714285714, 0.9473684210526315, 0.5555555555555556, 0.45454545454545453]","[0.65, 0.8235294117647058, 0.7272727272727273, 0.9142857142857143, 0.5263157894736842, 0.5555555555555556]"
inceptionv3_cbam,192,8,0.5872075241579885,0.8017391883712878,0.7920353982300885,0.5835722085722086,0.6196870288748692,"[0.3333333333333333, 0.9090909090909091, 0.3333333333333333, 0.9256756756756757, 0.4, 0.6]","[0.3684210526315789, 0.6896551724137931, 0.7142857142857143, 0.9013157894736842, 0.4444444444444444, 0.6]","[0.35, 0.7843137254901961, 0.45454545454545453, 0.9133333333333333, 0.42105263157894735, 0.6]"
inceptionv3_cbam,192,9,0.6488651687775066,0.8117250262591434,0.8097345132743363,0.6700710108604846,0.6624434649843,"[0.47368421052631576, 0.9166666666666666, 0.7142857142857143, 0.8947368421052632, 0.6, 0.42105263157894735]","[0.47368421052631576, 0.7586206896551724, 0.7142857142857143, 0.8947368421052632, 0.3333333333333333, 0.8]","[0.47368421052631576, 0.8301886792452831, 0.7142857142857143, 0.8947368421052632, 0.42857142857142855, 0.5517241379310345]"
inceptionv3_cbam,192,10,0.685003605529057,0.8344665896738785,0.827433628318584,0.6517269061073817,0.7376750700280112,"[0.6470588235294118, 0.9, 0.6, 0.9290780141843972, 0.36363636363636365, 0.47058823529411764]","[0.6111111111111112, 0.9642857142857143, 0.75, 0.8562091503267973, 0.4444444444444444, 0.8]","[0.6285714285714286, 0.9310344827586207, 0.6666666666666666, 0.891156462585034, 0.4, 0.5925925925925926]"
inceptionv3_cbam,192,11,0.5903195488721805,0.8194741626459688,0.8193832599118943,0.6074549135075451,0.5861971739694062,"[0.5384615384615384, 0.84, 0.6, 0.9276315789473685, 0.375, 0.36363636363636365]","[0.7368421052631579, 0.7241379310344828, 0.42857142857142855, 0.9276315789473685, 0.3, 0.4]","[0.6222222222222222, 0.7777777777777778, 0.5, 0.9276315789473685, 0.3333333333333333, 0.38095238095238093]"
inceptionv3_cbam,192,12,0.6840017450673188,0.8346887471354866,0.8237885462555066,0.6497143494907905,0.7424186227498387,"[0.4827586206896552, 0.84375, 0.5454545454545454, 0.9626865671641791, 0.36363636363636365, 0.7]","[0.7368421052631579, 0.9310344827586207, 0.8571428571428571, 0.8486842105263158, 0.4444444444444444, 0.6363636363636364]","[0.5833333333333334, 0.8852459016393442, 0.6666666666666666, 0.9020979020979021, 0.4, 0.6666666666666666]"
inceptionv3_cbam,192,13,0.6646477705301235,0.820612105229492,0.8185840707964602,0.6756965256965257,0.6609779957556727,"[0.55, 1.0, 0.5714285714285714, 0.8782051282051282, 0.45454545454545453, 0.6]","[0.5789473684210527, 0.7586206896551724, 0.5714285714285714, 0.9013157894736842, 0.5555555555555556, 0.6]","[0.5641025641025641, 0.8627450980392157, 0.5714285714285714, 0.8896103896103896, 0.5, 0.6]"
inceptionv3_cbam,192,14,0.5521698812164132,0.7352750088865128,0.7079646017699115,0.512429569528961,0.6442735190466587,"[0.41379310344827586, 0.8666666666666667, 0.23529411764705882, 0.907563025210084, 0.29411764705882354, 0.35714285714285715]","[0.631578947368421, 0.896551724137931, 0.5714285714285714, 0.7105263157894737, 0.5555555555555556, 0.5]","[0.5, 0.8813559322033898, 0.3333333333333333, 0.7970479704797048, 0.38461538461538464, 0.4166666666666667]"
inceptionv3_cbam,192,15,0.5874628437104932,0.8013630816774672,0.8230088495575221,0.6783643257895106,0.5671840958605664,"[0.46153846153846156, 0.9032258064516129, 0.75, 0.8554216867469879, 0.6, 0.5]","[0.3333333333333333, 1.0, 0.375, 0.9281045751633987, 0.6666666666666666, 0.1]","[0.3870967741935484, 0.9491525423728814, 0.5, 0.890282131661442, 0.631578947368421, 0.16666666666666666]"
inceptionv3_cbam,224,1,0.6489098815414605,0.8163992382401842,0.8061674008810573,0.6358694370763336,0.6886829141820067,"[0.55, 0.96, 0.46153846153846156, 0.9103448275862069, 0.26666666666666666, 0.6666666666666666]","[0.5789473684210527, 0.8275862068965517, 0.8571428571428571, 0.868421052631579, 0.4, 0.6]","[0.5641025641025641, 0.8888888888888888, 0.6, 0.8888888888888888, 0.32, 0.631578947368421]"
inceptionv3_cbam,224,2,0.6267521606231283,0.8204641063387689,0.8281938325991189,0.6663780663780664,0.6117815437234676,"[0.6666666666666666, 0.8484848484848485, 0.5, 0.8831168831168831, 0.6, 0.5]","[0.7368421052631579, 0.9655172413793104, 0.2857142857142857, 0.8947368421052632, 0.3333333333333333, 0.45454545454545453]","[0.7, 0.9032258064516129, 0.36363636363636365, 0.8888888888888888, 0.42857142857142855, 0.47619047619047616]"
inceptionv3_cbam,224,3,0.5446259070074545,0.7815548770173283,0.8053097345132744,0.6848513063596863,0.48692816812145306,"[0.5833333333333334, 0.9545454545454546, 0.5, 0.8212290502793296, 1.0, 0.25]","[0.3684210526315789, 0.7241379310344828, 0.42857142857142855, 0.9671052631578947, 0.3333333333333333, 0.1]","[0.45161290322580644, 0.8235294117647058, 0.46153846153846156, 0.8882175226586103, 0.5, 0.14285714285714285]"
inceptionv3_cbam,224,4,0.654159837871178,0.8318561346204809,0.8185840707964602,0.6424331861592283,0.695683293482749,"[0.5217391304347826, 0.9629629629629629, 0.6, 0.9424460431654677, 0.29411764705882354, 0.5333333333333333]","[0.631578947368421, 0.896551724137931, 0.42857142857142855, 0.8618421052631579, 0.5555555555555556, 0.8]","[0.5714285714285714, 0.9285714285714286, 0.5, 0.9003436426116839, 0.38461538461538464, 0.64]"
inceptionv3_cbam,224,5,0.7049458281656423,0.8589218406459975,0.8584070796460177,0.7164507983056371,0.6984671646436352,"[0.5909090909090909, 1.0, 0.75, 0.9161290322580645, 0.375, 0.6666666666666666]","[0.7222222222222222, 0.8571428571428571, 0.75, 0.9281045751633987, 0.3333333333333333, 0.6]","[0.65, 0.9230769230769231, 0.75, 0.922077922077922, 0.35294117647058826, 0.631578947368421]"
inceptionv3_cbam,224,6,0.6983781245686007,0.8334303932793549,0.8281938325991189,0.7451953610611439,0.7034461152882204,"[0.7777777777777778, 0.7837837837837838, 1.0, 0.9154929577464789, 0.7, 0.29411764705882354]","[0.7368421052631579, 1.0, 0.42857142857142855, 0.8552631578947368, 0.7, 0.5]","[0.7567567567567568, 0.8787878787878788, 0.6, 0.8843537414965986, 0.7, 0.37037037037037035]"
inceptionv3_cbam,224,7,0.6448717247434167,0.8201381099522541,0.8193832599118943,0.6656094392725698,0.6478754029797588,"[0.5555555555555556, 0.7741935483870968, 0.8, 0.9194630872483222, 0.5, 0.4444444444444444]","[0.5263157894736842, 0.8275862068965517, 0.5714285714285714, 0.9013157894736842, 0.3333333333333333, 0.7272727272727273]","[0.5405405405405406, 0.8, 0.6666666666666666, 0.9102990033222591, 0.4, 0.5517241379310345]"
inceptionv3_cbam,224,8,0.6224220224220224,0.8311054726983931,0.8362831858407079,0.6468593135259803,0.6175292157597058,"[0.6190476190476191, 0.8518518518518519, 0.5, 0.9102564102564102, 0.5, 0.5]","[0.6842105263157895, 0.7931034482758621, 0.5714285714285714, 0.9342105263157895, 0.2222222222222222, 0.5]","[0.65, 0.8214285714285714, 0.5333333333333333, 0.922077922077922, 0.3076923076923077, 0.5]"
inceptionv3_cbam,224,9,0.6003825949225172,0.8112552863454059,0.8097345132743363,0.6330337690631808,0.5961319726519364,"[0.4444444444444444, 0.9583333333333334, 0.3333333333333333, 0.8954248366013072, 0.5, 0.6666666666666666]","[0.631578947368421, 0.7931034482758621, 0.42857142857142855, 0.9013157894736842, 0.2222222222222222, 0.6]","[0.5217391304347826, 0.8679245283018868, 0.375, 0.898360655737705, 0.3076923076923077, 0.631578947368421]"
inceptionv3_cbam,224,10,0.7155417337597894,0.8606898206386321,0.8672566371681416,0.7414093191382891,0.7095432617491442,"[0.6, 0.9310344827586207, 0.7142857142857143, 0.910828025477707, 0.6, 0.6923076923076923]","[0.5, 0.9642857142857143, 0.625, 0.934640522875817, 0.3333333333333333, 0.9]","[0.5454545454545454, 0.9473684210526315, 0.6666666666666666, 0.9225806451612903, 0.42857142857142855, 0.782608695652174]"
inceptionv3_cbam,224,11,0.6137327087039671,0.8270916554431207,0.8325991189427313,0.666765537048556,0.5920836574194105,"[0.6666666666666666, 0.8214285714285714, 0.6666666666666666, 0.9056603773584906, 0.38461538461538464, 0.5555555555555556]","[0.5263157894736842, 0.7931034482758621, 0.2857142857142857, 0.9473684210526315, 0.5, 0.5]","[0.5882352941176471, 0.8070175438596491, 0.4, 0.9260450160771704, 0.43478260869565216, 0.5263157894736842]"
inceptionv3_cbam,224,12,0.6353034067341807,0.8152370028814176,0.8061674008810573,0.6379487179487179,0.6512910192583513,"[0.5, 0.92, 0.6, 0.9166666666666666, 0.3076923076923077, 0.5833333333333334]","[0.7368421052631579, 0.7931034482758621, 0.42857142857142855, 0.868421052631579, 0.4444444444444444, 0.6363636363636364]","[0.5957446808510638, 0.8518518518518519, 0.5, 0.8918918918918919, 0.36363636363636365, 0.6086956521739131]"
inceptionv3_cbam,224,13,0.623162817039384,0.8191609358091125,0.8185840707964602,0.618127764573843,0.6365284619594964,"[0.5625, 0.9629629629629629, 0.5, 0.8954248366013072, 0.3333333333333333, 0.45454545454545453]","[0.47368421052631576, 0.896551724137931, 0.7142857142857143, 0.9013157894736842, 0.3333333333333333, 0.5]","[0.5142857142857142, 0.9285714285714286, 0.5882352941176471, 0.898360655737705, 0.3333333333333333, 0.47619047619047616]"
inceptionv3_cbam,224,14,0.7008150329202961,0.8395693997044719,0.8362831858407079,0.701985556985557,0.7058198657563448,"[0.52, 0.9642857142857143, 0.6666666666666666, 0.9054054054054054, 0.6, 0.5555555555555556]","[0.6842105263157895, 0.9310344827586207, 0.5714285714285714, 0.881578947368421, 0.6666666666666666, 0.5]","[0.5909090909090909, 0.9473684210526315, 0.6153846153846154, 0.8933333333333333, 0.631578947368421, 0.5263157894736842]"
inceptionv3_cbam,224,15,0.6125833983583452,0.8283941891968497,0.8362831858407079,0.6699907982516677,0.5873871770930594,"[0.47619047619047616, 1.0, 0.5, 0.8881987577639752, 0.5555555555555556, 0.6]","[0.5555555555555556, 0.9285714285714286, 0.25, 0.934640522875817, 0.5555555555555556, 0.3]","[0.5128205128205128, 0.9629629629629629, 0.3333333333333333, 0.910828025477707, 0.5555555555555556, 0.4]"
resnet101_cbam,192,1,0.7034681231574252,0.8703875363365963,0.8590308370044053,0.6782277798515199,0.7493971998962925,"[0.75, 0.8888888888888888, 0.5, 0.9787234042553191, 0.3684210526315789, 0.5833333333333334]","[0.7894736842105263, 0.8275862068965517, 0.5714285714285714, 0.9078947368421053, 0.7, 0.7]","[0.7692307692307693, 0.8571428571428571, 0.5333333333333333, 0.9419795221843004, 0.4827586206896552, 0.6363636363636364]"
resnet101_cbam,192,2,0.7394012366068162,0.8672691276601827,0.8634361233480177,0.7192460924576256,0.77738450968941,"[0.7894736842105263, 0.9310344827586207, 0.5, 0.9315068493150684, 0.625, 0.5384615384615384]","[0.7894736842105263, 0.9310344827586207, 0.8571428571428571, 0.8947368421052632, 0.5555555555555556, 0.6363636363636364]","[0.7894736842105263, 0.9310344827586207, 0.631578947368421, 0.912751677852349, 0.5882352941176471, 0.5833333333333334]"
resnet101_cbam,192,3,0.659863651717122,0.8495748451840105,0.8584070796460177,0.7145997332989203,0.621950229981083,"[0.7333333333333333, 0.9259259259259259, 0.5, 0.8902439024390244, 0.5714285714285714, 0.6666666666666666]","[0.5789473684210527, 0.8620689655172413, 0.2857142857142857, 0.9605263157894737, 0.4444444444444444, 0.6]","[0.6470588235294118, 0.8928571428571429, 0.36363636363636365, 0.9240506329113924, 0.5, 0.631578947368421]"
resnet101_cbam,192,4,0.706573470331804,0.86632624292665,0.8495575221238938,0.6854818021484688,0.7683719595924677,"[0.7142857142857143, 0.9285714285714286, 0.6666666666666666, 0.9851851851851852, 0.3181818181818182, 0.5]","[0.7894736842105263, 0.896551724137931, 0.5714285714285714, 0.875, 0.7777777777777778, 0.7]","[0.75, 0.9122807017543859, 0.6153846153846154, 0.926829268292683, 0.45161290322580644, 0.5833333333333334]"
resnet101_cbam,192,5,0.732309454369844,0.8841144991520945,0.8893805309734514,0.7644886363636364,0.7148926237161533,"[0.75, 1.0, 0.5, 0.91875, 0.6, 0.8181818181818182]","[0.6666666666666666, 0.9285714285714286, 0.5, 0.9607843137254902, 0.3333333333333333, 0.9]","[0.7058823529411765, 0.9629629629629629, 0.5, 0.939297124600639, 0.42857142857142855, 0.8571428571428571]"
resnet101_cbam,192,6,0.7006158392551204,0.8741242057941996,0.8854625550660793,0.8135929056174455,0.6636202575404027,"[0.7727272727272727, 0.9230769230769231, 0.5, 0.9079754601226994, 0.7777777777777778, 1.0]","[0.8947368421052632, 0.8275862068965517, 0.2857142857142857, 0.9736842105263158, 0.7, 0.3]","[0.8292682926829268, 0.8727272727272727, 0.36363636363636365, 0.9396825396825397, 0.7368421052631579, 0.46153846153846156]"
resnet101_cbam,192,7,0.7405219616984323,0.8936422651374712,0.8898678414096917,0.7190368940368942,0.7738746683846504,"[0.85, 1.0, 0.6, 0.9594594594594594, 0.3333333333333333, 0.5714285714285714]","[0.8947368421052632, 0.896551724137931, 0.8571428571428571, 0.9342105263157895, 0.3333333333333333, 0.7272727272727273]","[0.8717948717948718, 0.9454545454545454, 0.7058823529411765, 0.9466666666666667, 0.3333333333333333, 0.64]"
resnet101_cbam,192,8,0.7251028464190958,0.8796173266467718,0.8805309734513275,0.7252393583652929,0.7353730350781168,"[0.7333333333333333, 0.9032258064516129, 0.5714285714285714, 0.9470198675496688, 0.625, 0.5714285714285714]","[0.5789473684210527, 0.9655172413793104, 0.5714285714285714, 0.9407894736842105, 0.5555555555555556, 0.8]","[0.6470588235294118, 0.9333333333333333, 0.5714285714285714, 0.9438943894389439, 0.5882352941176471, 0.6666666666666666]"
resnet101_cbam,192,9,0.7448973828284172,0.881654640504198,0.8849557522123894,0.774493737424772,0.7250971057912982,"[0.7222222222222222, 0.896551724137931, 0.8, 0.9294871794871795, 0.5714285714285714, 0.7272727272727273]","[0.6842105263157895, 0.896551724137931, 0.5714285714285714, 0.9539473684210527, 0.4444444444444444, 0.8]","[0.7027027027027027, 0.896551724137931, 0.6666666666666666, 0.9415584415584416, 0.5, 0.7619047619047619]"
resnet101_cbam,192,10,0.7133636744971357,0.8607890935557938,0.8672566371681416,0.7509856585978901,0.6965141612200436,"[0.6923076923076923, 0.9655172413793104, 0.6666666666666666, 0.89937106918239, 0.6666666666666666, 0.6153846153846154]","[0.5, 1.0, 0.5, 0.934640522875817, 0.4444444444444444, 0.8]","[0.5806451612903226, 0.9824561403508771, 0.5714285714285714, 0.9166666666666666, 0.5333333333333333, 0.6956521739130435]"
resnet101_cbam,192,11,0.6907601787747697,0.8506619699100181,0.8502202643171806,0.6830066105292665,0.7080751447584479,"[0.5789473684210527, 0.8888888888888888, 0.625, 0.9337748344370861, 0.5, 0.5714285714285714]","[0.5789473684210527, 0.8275862068965517, 0.7142857142857143, 0.9276315789473685, 0.4, 0.8]","[0.5789473684210527, 0.8571428571428571, 0.6666666666666666, 0.9306930693069307, 0.4444444444444444, 0.6666666666666666]"
resnet101_cbam,192,12,0.7617154906736442,0.8870371347676901,0.8898678414096917,0.7757991691128612,0.7514916143545908,"[0.7368421052631579, 0.9032258064516129, 0.8333333333333334, 0.934640522875817, 0.42857142857142855, 0.8181818181818182]","[0.7368421052631579, 0.9655172413793104, 0.7142857142857143, 0.9407894736842105, 0.3333333333333333, 0.8181818181818182]","[0.7368421052631579, 0.9333333333333333, 0.7692307692307693, 0.9377049180327869, 0.375, 0.8181818181818182]"
resnet101_cbam,192,13,0.6062048753319613,0.8179996631625109,0.8097345132743363,0.5936346965082597,0.6344294644657621,"[0.6363636363636364, 0.9629629629629629, 0.3076923076923077, 0.9103448275862069, 0.3, 0.4444444444444444]","[0.7368421052631579, 0.896551724137931, 0.5714285714285714, 0.868421052631579, 0.3333333333333333, 0.4]","[0.6829268292682927, 0.9285714285714286, 0.4, 0.8888888888888888, 0.3157894736842105, 0.42105263157894735]"
resnet101_cbam,192,14,0.7473106414282884,0.8820982187457983,0.8849557522123894,0.7986210447785401,0.7172023689491929,"[0.8235294117647058, 0.8387096774193549, 1.0, 0.9294871794871795, 0.5, 0.7]","[0.7368421052631579, 0.896551724137931, 0.5714285714285714, 0.9539473684210527, 0.4444444444444444, 0.7]","[0.7777777777777778, 0.8666666666666667, 0.7272727272727273, 0.9415584415584416, 0.47058823529411764, 0.7]"
resnet101_cbam,192,15,0.7257542484484233,0.8555332608795105,0.8539823008849557,0.7526183692850359,0.7114340180516651,"[0.7142857142857143, 0.9629629629629629, 0.8333333333333334, 0.8974358974358975, 0.3076923076923077, 0.8]","[0.5555555555555556, 0.9285714285714286, 0.625, 0.9150326797385621, 0.4444444444444444, 0.8]","[0.625, 0.9454545454545454, 0.7142857142857143, 0.9061488673139159, 0.36363636363636365, 0.8]"
resnet101_cbam,224,1,0.7763440443360352,0.8961609322172432,0.8942731277533039,0.7947224721347528,0.7699626220724225,"[0.75, 0.9259259259259259, 1.0, 0.9539473684210527, 0.6, 0.5384615384615384]","[0.7894736842105263, 0.8620689655172413, 0.7142857142857143, 0.9539473684210527, 0.6, 0.7]","[0.7692307692307693, 0.8928571428571429, 0.8333333333333334, 0.9539473684210527, 0.6, 0.6086956521739131]"
resnet101_cbam,224,2,0.7002525089152507,0.852505633401733,0.8458149779735683,0.700115377917102,0.7165422590785567,"[0.7272727272727273, 0.896551724137931, 0.6666666666666666, 0.9310344827586207, 0.3125, 0.6666666666666666]","[0.8421052631578947, 0.896551724137931, 0.5714285714285714, 0.8881578947368421, 0.5555555555555556, 0.5454545454545454]","[0.7804878048780488, 0.896551724137931, 0.6153846153846154, 0.9090909090909091, 0.4, 0.6]"
resnet101_cbam,224,3,0.6481907541524792,0.8357958962829612,0.8407079646017699,0.6886999016309362,0.6483670862981207,"[0.55, 0.896551724137931, 0.5714285714285714, 0.9090909090909091, 0.6666666666666666, 0.5384615384615384]","[0.5789473684210527, 0.896551724137931, 0.5714285714285714, 0.9210526315789473, 0.2222222222222222, 0.7]","[0.5641025641025641, 0.896551724137931, 0.5714285714285714, 0.9150326797385621, 0.3333333333333333, 0.6086956521739131]"
resnet101_cbam,224,4,0.7646353364149975,0.9075576448450305,0.9026548672566371,0.7638396325896326,0.7990391447968581,"[0.8095238095238095, 0.9333333333333333, 0.75, 0.986013986013986, 0.4375, 0.6666666666666666]","[0.8947368421052632, 0.9655172413793104, 0.42857142857142855, 0.9276315789473685, 0.7777777777777778, 0.8]","[0.85, 0.9491525423728814, 0.5454545454545454, 0.9559322033898305, 0.56, 0.7272727272727273]"
resnet101_cbam,224,5,0.7289765520348045,0.8756358327928051,0.8805309734513275,0.7687100481218129,0.7242880485527544,"[0.6470588235294118, 0.9285714285714286, 0.7142857142857143, 0.9294871794871795, 0.75, 0.6428571428571429]","[0.6111111111111112, 0.9285714285714286, 0.625, 0.9477124183006536, 0.3333333333333333, 0.9]","[0.6285714285714286, 0.9285714285714286, 0.6666666666666666, 0.9385113268608414, 0.46153846153846156, 0.75]"
resnet101_cbam,224,6,0.7186043287182492,0.8711273432403751,0.8722466960352423,0.7448356110120816,0.7081345605392793,"[0.8333333333333334, 0.8666666666666667, 0.75, 0.9281045751633987, 0.6363636363636364, 0.45454545454545453]","[0.7894736842105263, 0.896551724137931, 0.42857142857142855, 0.9342105263157895, 0.7, 0.5]","[0.8108108108108109, 0.8813559322033898, 0.5454545454545454, 0.9311475409836065, 0.6666666666666666, 0.47619047619047616]"
resnet101_cbam,224,7,0.7497286431248696,0.8761528389323252,0.8766519823788547,0.7572293447293448,0.7467205653457922,"[0.65, 0.9583333333333334, 0.75, 0.9294871794871795, 0.5555555555555556, 0.7]","[0.6842105263157895, 0.7931034482758621, 0.8571428571428571, 0.9539473684210527, 0.5555555555555556, 0.6363636363636364]","[0.6666666666666666, 0.8679245283018868, 0.8, 0.9415584415584416, 0.5555555555555556, 0.6666666666666666]"
resnet101_cbam,224,8,0.6358344350320878,0.8406151663014562,0.831858407079646,0.6076305699584799,0.6848821046870048,"[0.65, 0.9642857142857143, 0.25, 0.9432624113475178, 0.25, 0.5882352941176471]","[0.6842105263157895, 0.9310344827586207, 0.2857142857142857, 0.875, 0.3333333333333333, 1.0]","[0.6666666666666666, 0.9473684210526315, 0.26666666666666666, 0.9078498293515358, 0.2857142857142857, 0.7407407407407407]"
resnet101_cbam,224,9,0.8224252891605176,0.909774039255832,0.915929203539823,0.895326278659612,0.7751738061629169,"[0.8571428571428571, 0.9, 1.0, 0.9259259259259259, 0.8, 0.8888888888888888]","[0.631578947368421, 0.9310344827586207, 0.8571428571428571, 0.9868421052631579, 0.4444444444444444, 0.8]","[0.7272727272727273, 0.9152542372881356, 0.9230769230769231, 0.9554140127388535, 0.5714285714285714, 0.8421052631578947]"
resnet101_cbam,224,10,0.7158012309328098,0.8709622468821351,0.8716814159292036,0.7462716790546979,0.6976696234049174,"[0.9166666666666666, 1.0, 0.625, 0.9056603773584906, 0.36363636363636365, 0.6666666666666666]","[0.6111111111111112, 0.9642857142857143, 0.625, 0.9411764705882353, 0.4444444444444444, 0.6]","[0.7333333333333333, 0.9818181818181818, 0.625, 0.9230769230769231, 0.4, 0.631578947368421]"
resnet101_cbam,224,11,0.7383669010978178,0.8743917803855956,0.8722466960352423,0.7235487920137044,0.7570240255811944,"[0.631578947368421, 0.9259259259259259, 0.625, 0.9466666666666667, 0.5454545454545454, 0.6666666666666666]","[0.631578947368421, 0.8620689655172413, 0.7142857142857143, 0.9342105263157895, 0.6, 0.8]","[0.631578947368421, 0.8928571428571429, 0.6666666666666666, 0.9403973509933775, 0.5714285714285714, 0.7272727272727273]"
resnet101_cbam,224,12,0.7318031835778102,0.874059760219628,0.8766519823788547,0.756407527351236,0.7371719201347151,"[0.7142857142857143, 0.9, 0.625, 0.9337748344370861, 0.75, 0.6153846153846154]","[0.7894736842105263, 0.9310344827586207, 0.7142857142857143, 0.9276315789473685, 0.3333333333333333, 0.7272727272727273]","[0.75, 0.9152542372881356, 0.6666666666666666, 0.9306930693069307, 0.46153846153846156, 0.6666666666666666]"
resnet101_cbam,224,13,0.6620530835284933,0.8455672075880983,0.8451327433628318,0.6703819891319891,0.6791038899931822,"[0.8125, 0.875, 0.4, 0.918918918918919, 0.5714285714285714, 0.4444444444444444]","[0.6842105263157895, 0.9655172413793104, 0.2857142857142857, 0.8947368421052632, 0.4444444444444444, 0.8]","[0.7428571428571429, 0.9180327868852459, 0.3333333333333333, 0.9066666666666666, 0.5, 0.5714285714285714]"
resnet101_cbam,224,14,0.7404479348016147,0.876470377694462,0.8761061946902655,0.7373690942930127,0.750048492879709,"[0.7894736842105263, 0.8709677419354839, 0.7142857142857143, 0.9395973154362416, 0.5714285714285714, 0.5384615384615384]","[0.7894736842105263, 0.9310344827586207, 0.7142857142857143, 0.9210526315789473, 0.4444444444444444, 0.7]","[0.7894736842105263, 0.9, 0.7142857142857143, 0.9302325581395349, 0.5, 0.6086956521739131]"
resnet101_cbam,224,15,0.8501204774749166,0.9310344442865086,0.9336283185840708,0.8914448852137419,0.8223311546840959,"[0.8421052631578947, 1.0, 0.8, 0.9426751592356688, 0.875, 0.8888888888888888]","[0.8888888888888888, 1.0, 0.5, 0.9673202614379085, 0.7777777777777778, 0.8]","[0.8648648648648649, 1.0, 0.6153846153846154, 0.9548387096774194, 0.8235294117647058, 0.8421052631578947]"
vgg16_cbam,192,1,0.5990781967219939,0.8094093103892397,0.7929515418502202,0.6011951667980037,0.6394067064212253,"[0.7777777777777778, 0.9166666666666666, 0.25, 0.9219858156028369, 0.4444444444444444, 0.2962962962962963]","[0.7368421052631579, 0.7586206896551724, 0.2857142857142857, 0.8552631578947368, 0.4, 0.8]","[0.7567567567567568, 0.8301886792452831, 0.26666666666666666, 0.8873720136518771, 0.42105263157894735, 0.43243243243243246]"
vgg16_cbam,192,2,0.580178591616775,0.7986913012763039,0.775330396475771,0.5670465337132004,0.6208116512109253,"[0.8, 0.9615384615384616, 0.25, 0.9185185185185185, 0.25, 0.2222222222222222]","[0.8421052631578947, 0.8620689655172413, 0.2857142857142857, 0.8157894736842105, 0.5555555555555556, 0.36363636363636365]","[0.8205128205128205, 0.9090909090909091, 0.26666666666666666, 0.8641114982578397, 0.3448275862068966, 0.27586206896551724]"
vgg16_cbam,192,3,0.7137803489343971,0.8391611676345873,0.831858407079646,0.6881587834835315,0.7629938111562432,"[0.6190476190476191, 0.8928571428571429, 0.7142857142857143, 0.9290780141843972, 0.5, 0.47368421052631576]","[0.6842105263157895, 0.8620689655172413, 0.7142857142857143, 0.8618421052631579, 0.5555555555555556, 0.9]","[0.65, 0.8771929824561403, 0.7142857142857143, 0.89419795221843, 0.5263157894736842, 0.6206896551724138]"
vgg16_cbam,192,4,0.7234066377528846,0.8523096019453346,0.8407079646017699,0.6739707341269842,0.8122248869299686,"[0.6, 0.9333333333333333, 0.5714285714285714, 0.9765625, 0.4, 0.5625]","[0.9473684210526315, 0.9655172413793104, 0.5714285714285714, 0.8223684210526315, 0.6666666666666666, 0.9]","[0.7346938775510204, 0.9491525423728814, 0.5714285714285714, 0.8928571428571429, 0.5, 0.6923076923076923]"
vgg16_cbam,192,5,0.614849308945336,0.8201190103485532,0.8053097345132744,0.6014030414030413,0.6568549642079055,"[0.5909090909090909, 0.96, 0.3333333333333333, 0.9357142857142857, 0.25, 0.5384615384615384]","[0.7222222222222222, 0.8571428571428571, 0.25, 0.8562091503267973, 0.5555555555555556, 0.7]","[0.65, 0.9056603773584906, 0.2857142857142857, 0.89419795221843, 0.3448275862068966, 0.6086956521739131]"
vgg16_cbam,192,6,0.6793762761042558,0.8533132459016501,0.8502202643171806,0.6752834467120182,0.7081766917293232,"[0.8333333333333334, 0.9666666666666667, 0.3333333333333333, 0.9183673469387755, 0.5, 0.5]","[0.7894736842105263, 1.0, 0.5714285714285714, 0.8881578947368421, 0.7, 0.3]","[0.8108108108108109, 0.9830508474576272, 0.42105263157894735, 0.903010033444816, 0.5833333333333334, 0.375]"
vgg16_cbam,192,7,0.5987557743410339,0.8198960713875826,0.8193832599118943,0.5996179932618171,0.6232984935344282,"[0.6521739130434783, 1.0, 0.3333333333333333, 0.9006622516556292, 0.25, 0.46153846153846156]","[0.7894736842105263, 0.8275862068965517, 0.5714285714285714, 0.8947368421052632, 0.1111111111111111, 0.5454545454545454]","[0.7142857142857143, 0.9056603773584906, 0.42105263157894735, 0.8976897689768977, 0.15384615384615385, 0.5]"
vgg16_cbam,192,8,0.606712866067775,0.8017110035602125,0.7831858407079646,0.5665146192130955,0.6850595118063358,"[0.48, 0.896551724137931, 0.3333333333333333, 0.9534883720930233, 0.2857142857142857, 0.45]","[0.631578947368421, 0.896551724137931, 0.42857142857142855, 0.8092105263157895, 0.4444444444444444, 0.9]","[0.5454545454545454, 0.896551724137931, 0.375, 0.8754448398576512, 0.34782608695652173, 0.6]"
vgg16_cbam,192,9,0.6186553541011665,0.8074051767518297,0.7743362831858407,0.6135180122022227,0.6839665015027991,"[0.6842105263157895, 0.8666666666666667, 0.18181818181818182, 0.9603174603174603, 0.23809523809523808, 0.75]","[0.6842105263157895, 0.896551724137931, 0.5714285714285714, 0.7960526315789473, 0.5555555555555556, 0.6]","[0.6842105263157895, 0.8813559322033898, 0.27586206896551724, 0.8705035971223022, 0.3333333333333333, 0.6666666666666666]"
vgg16_cbam,192,10,0.7237990983089023,0.8542435842279673,0.8451327433628318,0.6894329475296912,0.7801976346093994,"[0.631578947368421, 0.9629629629629629, 0.6666666666666666, 0.9432624113475178, 0.46153846153846156, 0.47058823529411764]","[0.6666666666666666, 0.9285714285714286, 0.75, 0.869281045751634, 0.6666666666666666, 0.8]","[0.6486486486486487, 0.9454545454545454, 0.7058823529411765, 0.9047619047619048, 0.5454545454545454, 0.5925925925925926]"
vgg16_cbam,192,11,0.5705412637596545,0.7880886394087063,0.775330396475771,0.5747324050393104,0.6265070002592688,"[0.8, 0.7941176470588235, 0.2222222222222222, 0.9202898550724637, 0.3, 0.4117647058823529]","[0.42105263157894735, 0.9310344827586207, 0.5714285714285714, 0.8355263157894737, 0.3, 0.7]","[0.5517241379310345, 0.8571428571428571, 0.32, 0.8758620689655172, 0.3, 0.5185185185185185]"
vgg16_cbam,192,12,0.7239571293114174,0.8668778681977292,0.8590308370044053,0.6902224482996596,0.7719384450328189,"[0.5714285714285714, 0.9310344827586207, 0.625, 0.9710144927536232, 0.4, 0.6428571428571429]","[0.8421052631578947, 0.9310344827586207, 0.7142857142857143, 0.881578947368421, 0.4444444444444444, 0.8181818181818182]","[0.6808510638297872, 0.9310344827586207, 0.6666666666666666, 0.9241379310344827, 0.42105263157894735, 0.72]"
vgg16_cbam,192,13,0.6341889347947794,0.7651396372105473,0.7345132743362832,0.5744929453262787,0.8185880169773091,"[0.5555555555555556, 0.875, 0.35714285714285715, 1.0, 0.25925925925925924, 0.4]","[0.7894736842105263, 0.9655172413793104, 0.7142857142857143, 0.6644736842105263, 0.7777777777777778, 1.0]","[0.6521739130434783, 0.9180327868852459, 0.47619047619047616, 0.7984189723320159, 0.3888888888888889, 0.5714285714285714]"
vgg16_cbam,192,14,0.572113815031796,0.8413724790326503,0.8584070796460177,0.5961581628248295,0.5695763594810782,"[0.9230769230769231, 0.9629629629629629, 0.0, 0.8909090909090909, 0.3333333333333333, 0.4666666666666667]","[0.631578947368421, 0.896551724137931, 0.0, 0.9671052631578947, 0.2222222222222222, 0.7]","[0.75, 0.9285714285714286, 0.0, 0.9274447949526814, 0.26666666666666666, 0.56]"
vgg16_cbam,192,15,0.7193917628619434,0.8664348905434391,0.8584070796460177,0.6849075806822285,0.7731170245876128,"[0.6818181818181818, 1.0, 0.46153846153846156, 0.9507042253521126, 0.4, 0.6153846153846154]","[0.8333333333333334, 0.9285714285714286, 0.75, 0.8823529411764706, 0.4444444444444444, 0.8]","[0.75, 0.9629629629629629, 0.5714285714285714, 0.9152542372881356, 0.42105263157894735, 0.6956521739130435]"
vgg16_cbam,224,1,0.5036265026827499,0.6704648592031265,0.6211453744493393,0.47707902992595086,0.6409839253305677,"[0.4411764705882353, 0.8333333333333334, 0.12, 0.9662921348314607, 0.15384615384615385, 0.34782608695652173]","[0.7894736842105263, 0.8620689655172413, 0.42857142857142855, 0.5657894736842105, 0.4, 0.8]","[0.5660377358490566, 0.847457627118644, 0.1875, 0.7136929460580913, 0.2222222222222222, 0.48484848484848486]"
vgg16_cbam,224,2,0.5915138773274139,0.8211672358626472,0.8061674008810573,0.5881704503569819,0.6476409588932275,"[0.8823529411764706, 1.0, 0.0, 0.920863309352518, 0.22580645161290322, 0.5]","[0.7894736842105263, 0.9310344827586207, 0.0, 0.8421052631578947, 0.7777777777777778, 0.5454545454545454]","[0.8333333333333334, 0.9642857142857143, 0.0, 0.8797250859106529, 0.35, 0.5217391304347826]"
vgg16_cbam,224,3,0.687913422190853,0.8411128756748977,0.831858407079646,0.6769030839206277,0.724710603136193,"[0.6842105263157895, 0.9259259259259259, 0.6666666666666666, 0.9300699300699301, 0.45454545454545453, 0.4]","[0.6842105263157895, 0.8620689655172413, 0.5714285714285714, 0.875, 0.5555555555555556, 0.8]","[0.6842105263157895, 0.8928571428571429, 0.6153846153846154, 0.9016949152542373, 0.5, 0.5333333333333333]"
vgg16_cbam,224,4,0.616321996405135,0.8061874735417861,0.7787610619469026,0.5994082428292954,0.7180794418997686,"[0.7142857142857143, 0.8928571428571429, 0.3333333333333333, 0.9682539682539683, 0.26666666666666666, 0.42105263157894735]","[0.5263157894736842, 0.8620689655172413, 0.42857142857142855, 0.8026315789473685, 0.8888888888888888, 0.8]","[0.6060606060606061, 0.8771929824561403, 0.375, 0.8776978417266187, 0.41025641025641024, 0.5517241379310345]"
vgg16_cbam,224,5,0.6465443912812334,0.8106920559645291,0.7787610619469026,0.6076499118165785,0.7562869592281357,"[0.7, 0.9629629629629629, 0.2857142857142857, 0.975, 0.2222222222222222, 0.5]","[0.7777777777777778, 0.9285714285714286, 0.5, 0.7647058823529411, 0.6666666666666666, 0.9]","[0.7368421052631579, 0.9454545454545454, 0.36363636363636365, 0.8571428571428571, 0.3333333333333333, 0.6428571428571429]"
vgg16_cbam,224,6,0.6363486059322776,0.8556616867865453,0.8678414096916299,0.6284215081683436,0.648200241984271,"[0.8333333333333334, 1.0, 0.0, 0.8987341772151899, 0.5384615384615384, 0.5]","[0.7894736842105263, 0.9655172413793104, 0.0, 0.9342105263157895, 0.7, 0.5]","[0.8108108108108109, 0.9824561403508771, 0.0, 0.9161290322580645, 0.6086956521739131, 0.5]"
vgg16_cbam,224,7,0.7183061487028044,0.8655804323330649,0.8546255506607929,0.6824777391853143,0.7742089571717522,"[0.7272727272727273, 1.0, 0.5555555555555556, 0.9568345323741008, 0.38461538461538464, 0.47058823529411764]","[0.8421052631578947, 0.9310344827586207, 0.7142857142857143, 0.875, 0.5555555555555556, 0.7272727272727273]","[0.7804878048780488, 0.9642857142857143, 0.625, 0.9140893470790378, 0.45454545454545453, 0.5714285714285714]"
vgg16_cbam,224,8,0.6233243974365069,0.79532899216519,0.7743362831858407,0.6063093371865301,0.6760574808669183,"[0.46153846153846156, 0.92, 0.21052631578947367, 0.9185185185185185, 0.4, 0.7272727272727273]","[0.631578947368421, 0.7931034482758621, 0.5714285714285714, 0.8157894736842105, 0.4444444444444444, 0.8]","[0.5333333333333333, 0.8518518518518519, 0.3076923076923077, 0.8641114982578397, 0.42105263157894735, 0.7619047619047619]"
vgg16_cbam,224,9,0.5829286242842606,0.7710560355588061,0.7477876106194691,0.5406278927341547,0.6800785488625779,"[0.5, 0.9032258064516129, 0.2222222222222222, 0.9411764705882353, 0.35714285714285715, 0.32]","[0.7368421052631579, 0.9655172413793104, 0.2857142857142857, 0.7368421052631579, 0.5555555555555556, 0.8]","[0.5957446808510638, 0.9333333333333333, 0.25, 0.8265682656826568, 0.43478260869565216, 0.45714285714285713]"
vgg16_cbam,224,10,0.7042936455557426,0.8171976949100406,0.7964601769911505,0.6518917737564472,0.8201719576719576,"[0.4838709677419355, 0.96, 0.6363636363636364, 0.967479674796748, 0.5, 0.36363636363636365]","[0.8333333333333334, 0.8571428571428571, 0.875, 0.7777777777777778, 0.7777777777777778, 0.8]","[0.6122448979591837, 0.9056603773584906, 0.7368421052631579, 0.8623188405797102, 0.6086956521739131, 0.5]"
vgg16_cbam,224,11,0.6451803975502958,0.8109686757700605,0.7929515418502202,0.6486407989962133,0.6911092386137758,"[0.5416666666666666, 0.8620689655172413, 0.8, 0.9473684210526315, 0.4444444444444444, 0.2962962962962963]","[0.6842105263157895, 0.8620689655172413, 0.5714285714285714, 0.8289473684210527, 0.4, 0.8]","[0.6046511627906976, 0.8620689655172413, 0.6666666666666666, 0.8842105263157894, 0.42105263157894735, 0.43243243243243246]"
vgg16_cbam,224,12,0.7006346816915032,0.8409620533866732,0.8281938325991189,0.6502056585389918,0.7856924071760732,"[0.5925925925925926, 0.9285714285714286, 0.5, 0.9621212121212122, 0.38461538461538464, 0.5333333333333333]","[0.8421052631578947, 0.896551724137931, 0.8571428571428571, 0.8355263157894737, 0.5555555555555556, 0.7272727272727273]","[0.6956521739130435, 0.9122807017543859, 0.631578947368421, 0.8943661971830986, 0.45454545454545453, 0.6153846153846154]"
vgg16_cbam,224,13,0.5878799409621327,0.8198647586300635,0.8141592920353983,0.5562881562881563,0.6622454123815285,"[0.7142857142857143, 0.9615384615384616, 0.0, 0.9285714285714286, 0.3333333333333333, 0.4]","[0.7894736842105263, 0.8620689655172413, 0.0, 0.8552631578947368, 0.6666666666666666, 0.8]","[0.75, 0.9090909090909091, 0.0, 0.8904109589041096, 0.4444444444444444, 0.5333333333333333]"
vgg16_cbam,224,14,0.623275836873723,0.8104654762718475,0.7920353982300885,0.5946593022144805,0.6833680225467883,"[0.6842105263157895, 0.9032258064516129, 0.25, 0.9318181818181818, 0.22727272727272727, 0.5714285714285714]","[0.6842105263157895, 0.9655172413793104, 0.2857142857142857, 0.8092105263157895, 0.5555555555555556, 0.8]","[0.6842105263157895, 0.9333333333333333, 0.26666666666666666, 0.8661971830985915, 0.3225806451612903, 0.6666666666666666]"
vgg16_cbam,224,15,0.5476234393715634,0.772458318089793,0.7522123893805309,0.5216040903540903,0.6196739807033925,"[0.5625, 0.9, 0.08333333333333333, 0.9230769230769231, 0.2857142857142857, 0.375]","[0.5, 0.9642857142857143, 0.125, 0.7843137254901961, 0.4444444444444444, 0.9]","[0.5294117647058824, 0.9310344827586207, 0.1, 0.8480565371024735, 0.34782608695652173, 0.5294117647058824]"
vgg19_cbam,192,1,0.5225350433314163,0.7036919553403557,0.6519823788546255,0.5353771162466815,0.5881222452683433,"[0.4444444444444444, 0.88, 0.10810810810810811, 0.8956521739130435, 0.21739130434782608, 0.6666666666666666]","[0.42105263157894735, 0.7586206896551724, 0.5714285714285714, 0.6776315789473685, 0.5, 0.6]","[0.43243243243243246, 0.8148148148148148, 0.18181818181818182, 0.7715355805243446, 0.30303030303030304, 0.631578947368421]"
vgg19_cbam,192,2,0.7247023527289306,0.8380100499480527,0.8193832599118943,0.7020172514948383,0.7875096898463504,"[0.6956521739130435, 0.9333333333333333, 0.8333333333333334, 0.9534883720930233, 0.5, 0.2962962962962963]","[0.8421052631578947, 0.9655172413793104, 0.7142857142857143, 0.8092105263157895, 0.6666666666666666, 0.7272727272727273]","[0.7619047619047619, 0.9491525423728814, 0.7692307692307693, 0.8754448398576512, 0.5714285714285714, 0.42105263157894735]"
vgg19_cbam,192,3,0.5471431264052129,0.7224930096037303,0.6769911504424779,0.528981758981759,0.6590775309922315,"[0.46153846153846156, 0.92, 0.14285714285714285, 0.9272727272727272, 0.3333333333333333, 0.3888888888888889]","[0.631578947368421, 0.7931034482758621, 0.7142857142857143, 0.6710526315789473, 0.4444444444444444, 0.7]","[0.5333333333333333, 0.8518518518518519, 0.23809523809523808, 0.7786259541984732, 0.38095238095238093, 0.5]"
vgg19_cbam,192,4,0.4546794386826922,0.5732570612110996,0.504424778761062,0.47035480859010265,0.5976358520823131,"[0.45, 0.8571428571428571, 0.05, 0.9411764705882353, 0.14285714285714285, 0.38095238095238093]","[0.47368421052631576, 0.8275862068965517, 0.2857142857142857, 0.42105263157894735, 0.7777777777777778, 0.8]","[0.46153846153846156, 0.8421052631578947, 0.0851063829787234, 0.5818181818181818, 0.2413793103448276, 0.5161290322580645]"
vgg19_cbam,192,5,0.5844877115689769,0.7866039605280716,0.7654867256637168,0.5668315653474773,0.6505291005291006,"[0.7368421052631579, 0.9, 0.2, 0.9224806201550387, 0.375, 0.26666666666666666]","[0.7777777777777778, 0.9642857142857143, 0.25, 0.7777777777777778, 0.3333333333333333, 0.8]","[0.7567567567567568, 0.9310344827586207, 0.2222222222222222, 0.8439716312056738, 0.35294117647058826, 0.4]"
vgg19_cbam,192,6,0.6223362358752565,0.8227587696625412,0.801762114537445,0.5993380897736533,0.6723090052718002,"[0.7083333333333334, 0.9, 0.125, 0.9541984732824428, 0.35294117647058826, 0.5555555555555556]","[0.8947368421052632, 0.9310344827586207, 0.2857142857142857, 0.8223684210526315, 0.6, 0.5]","[0.7906976744186046, 0.9152542372881356, 0.17391304347826086, 0.8833922261484098, 0.4444444444444444, 0.5263157894736842]"
vgg19_cbam,192,7,0.6449551126826601,0.7805464793529788,0.7577092511013216,0.6188107473858045,0.7191893439624836,"[0.6111111111111112, 0.8666666666666667, 0.36363636363636365, 0.9133858267716536, 0.7, 0.25806451612903225]","[0.5789473684210527, 0.896551724137931, 0.5714285714285714, 0.7631578947368421, 0.7777777777777778, 0.7272727272727273]","[0.5945945945945946, 0.8813559322033898, 0.4444444444444444, 0.8315412186379928, 0.7368421052631579, 0.38095238095238093]"
vgg19_cbam,192,8,0.6220973100188371,0.8276517965841251,0.8230088495575221,0.6162450912450913,0.639668015825003,"[0.5, 0.9230769230769231, 0.4, 0.9256756756756757, 0.3333333333333333, 0.6153846153846154]","[0.5789473684210527, 0.8275862068965517, 0.2857142857142857, 0.9013157894736842, 0.4444444444444444, 0.8]","[0.5365853658536586, 0.8727272727272727, 0.3333333333333333, 0.9133333333333333, 0.38095238095238093, 0.6956521739130435]"
vgg19_cbam,192,9,0.6746745166100006,0.8306146477142767,0.8141592920353983,0.6501833452483429,0.7387321272529984,"[0.6666666666666666, 0.9032258064516129, 0.2727272727272727, 0.9402985074626866, 0.3181818181818182, 0.8]","[0.631578947368421, 0.9655172413793104, 0.42857142857142855, 0.8289473684210527, 0.7777777777777778, 0.8]","[0.6486486486486487, 0.9333333333333333, 0.3333333333333333, 0.8811188811188811, 0.45161290322580644, 0.8]"
vgg19_cbam,192,10,0.5731059307546226,0.774771871956457,0.7566371681415929,0.6801320817877032,0.6624299719887955,"[0.4827586206896552, 1.0, 1.0, 0.9236641221374046, 0.35294117647058826, 0.32142857142857145]","[0.7777777777777778, 0.7142857142857143, 0.125, 0.7908496732026143, 0.6666666666666666, 0.9]","[0.5957446808510638, 0.8333333333333334, 0.2222222222222222, 0.852112676056338, 0.46153846153846156, 0.47368421052631576]"
vgg19_cbam,192,11,0.5720609783253602,0.7257850230297832,0.6828193832599119,0.5356784476242605,0.751934793881255,"[0.5, 0.8888888888888888, 0.23809523809523808, 0.9897959183673469, 0.27586206896551724, 0.32142857142857145]","[0.631578947368421, 0.8275862068965517, 0.7142857142857143, 0.6381578947368421, 0.8, 0.9]","[0.5581395348837209, 0.8571428571428571, 0.35714285714285715, 0.776, 0.41025641025641024, 0.47368421052631576]"
vgg19_cbam,192,12,0.693089074668022,0.850289790586568,0.8370044052863436,0.6471342418063416,0.7717469941834733,"[0.6956521739130435, 0.9642857142857143, 0.5, 0.9626865671641791, 0.23076923076923078, 0.5294117647058824]","[0.8421052631578947, 0.9310344827586207, 0.8571428571428571, 0.8486842105263158, 0.3333333333333333, 0.8181818181818182]","[0.7619047619047619, 0.9473684210526315, 0.631578947368421, 0.9020979020979021, 0.2727272727272727, 0.6428571428571429]"
vgg19_cbam,192,13,0.6598148895641832,0.7932888455145651,0.7654867256637168,0.6190892456997309,0.7879802475537504,"[0.6521739130434783, 0.9655172413793104, 0.5, 0.9565217391304348, 0.35, 0.2903225806451613]","[0.7894736842105263, 0.9655172413793104, 0.5714285714285714, 0.7236842105263158, 0.7777777777777778, 0.9]","[0.7142857142857143, 0.9655172413793104, 0.5333333333333333, 0.8239700374531835, 0.4827586206896552, 0.43902439024390244]"
vgg19_cbam,192,14,0.6860223527436643,0.8628451845701229,0.8584070796460177,0.6877178649237474,0.6961389345010035,"[0.7222222222222222, 1.0, 0.625, 0.934640522875817, 0.4444444444444444, 0.4]","[0.6842105263157895, 0.7931034482758621, 0.7142857142857143, 0.9407894736842105, 0.4444444444444444, 0.6]","[0.7027027027027027, 0.8846153846153846, 0.6666666666666666, 0.9377049180327869, 0.4444444444444444, 0.48]"
vgg19_cbam,192,15,0.6313201816539459,0.8099753864828948,0.7964601769911505,0.623170288220834,0.6939659197012138,"[0.8181818181818182, 0.9310344827586207, 0.3125, 0.9136690647482014, 0.36363636363636365, 0.4]","[0.5, 0.9642857142857143, 0.625, 0.8300653594771242, 0.4444444444444444, 0.8]","[0.6206896551724138, 0.9473684210526315, 0.4166666666666667, 0.8698630136986302, 0.4, 0.5333333333333333]"
vgg19_cbam,224,1,0.5111345689321065,0.694299765585856,0.6696035242290749,0.5340306169147139,0.619099472819981,"[0.24489795918367346, 0.7027027027027027, 0.42857142857142855, 0.9433962264150944, 0.5, 0.38461538461538464]","[0.631578947368421, 0.896551724137931, 0.42857142857142855, 0.6578947368421053, 0.1, 1.0]","[0.35294117647058826, 0.7878787878787878, 0.42857142857142855, 0.7751937984496124, 0.16666666666666666, 0.5555555555555556]"
vgg19_cbam,224,2,0.566727696188868,0.6689355369030568,0.6299559471365639,0.5323892519970952,0.7157084194289277,"[0.5185185185185185, 0.7647058823529411, 0.5555555555555556, 0.9333333333333333, 0.2222222222222222, 0.2]","[0.7368421052631579, 0.896551724137931, 0.7142857142857143, 0.5526315789473685, 0.6666666666666666, 0.7272727272727273]","[0.6086956521739131, 0.8253968253968254, 0.625, 0.6942148760330579, 0.3333333333333333, 0.3137254901960784]"
vgg19_cbam,224,3,0.6017719701681966,0.8286435443556833,0.8362831858407079,0.6667723429951691,0.5823823207443898,"[0.5652173913043478, 0.9583333333333334, 0.3333333333333333, 0.89375, 0.75, 0.5]","[0.6842105263157895, 0.7931034482758621, 0.14285714285714285, 0.9407894736842105, 0.3333333333333333, 0.6]","[0.6190476190476191, 0.8679245283018868, 0.2, 0.9166666666666666, 0.46153846153846156, 0.5454545454545454]"
vgg19_cbam,224,4,0.5810828316000729,0.8079326571438259,0.7964601769911505,0.5993846591033292,0.6344646338067391,"[0.9230769230769231, 0.8529411764705882, 0.16666666666666666, 0.9202898550724637, 0.3333333333333333, 0.4]","[0.631578947368421, 1.0, 0.42857142857142855, 0.8355263157894737, 0.1111111111111111, 0.8]","[0.75, 0.9206349206349206, 0.24, 0.8758620689655172, 0.16666666666666666, 0.5333333333333333]"
vgg19_cbam,224,5,0.6122887396143467,0.7980293561168992,0.7699115044247787,0.5752406792063793,0.700136165577342,"[0.6363636363636364, 0.9655172413793104, 0.21739130434782608, 0.9512195121951219, 0.21428571428571427, 0.4666666666666667]","[0.7777777777777778, 1.0, 0.625, 0.7647058823529411, 0.3333333333333333, 0.7]","[0.7, 0.9824561403508771, 0.3225806451612903, 0.8478260869565217, 0.2608695652173913, 0.56]"
vgg19_cbam,224,6,0.6772026352224781,0.86474122379009,0.8590308370044053,0.655056055056055,0.7062516204303863,"[0.7272727272727273, 0.9333333333333333, 0.42857142857142855, 0.958041958041958, 0.45454545454545453, 0.42857142857142855]","[0.8421052631578947, 0.9655172413793104, 0.42857142857142855, 0.9013157894736842, 0.5, 0.6]","[0.7804878048780488, 0.9491525423728814, 0.42857142857142855, 0.9288135593220339, 0.47619047619047616, 0.5]"
vgg19_cbam,224,7,0.7310441052376536,0.8324938037031259,0.8105726872246696,0.7075228096487939,0.8108594915536839,"[0.64, 1.0, 0.8333333333333334, 0.952755905511811, 0.5333333333333333, 0.2857142857142857]","[0.8421052631578947, 0.896551724137931, 0.7142857142857143, 0.7960526315789473, 0.8888888888888888, 0.7272727272727273]","[0.7272727272727273, 0.9454545454545454, 0.7692307692307693, 0.8673835125448028, 0.6666666666666666, 0.41025641025641024]"
vgg19_cbam,224,8,0.6108684418619045,0.8262472444217944,0.8141592920353983,0.6180874442968748,0.656710382277533,"[0.5, 0.9565217391304348, 0.2727272727272727, 0.9507042253521126, 0.6, 0.42857142857142855]","[0.631578947368421, 0.7586206896551724, 0.42857142857142855, 0.8881578947368421, 0.3333333333333333, 0.9]","[0.5581395348837209, 0.8461538461538461, 0.3333333333333333, 0.9183673469387755, 0.42857142857142855, 0.5806451612903226]"
vgg19_cbam,224,9,0.6769647130687778,0.8266648808157766,0.8097345132743363,0.6219827208122911,0.7979915065441382,"[0.631578947368421, 0.8529411764705882, 0.4, 0.983739837398374, 0.36363636363636365, 0.5]","[0.631578947368421, 1.0, 0.5714285714285714, 0.7960526315789473, 0.8888888888888888, 0.9]","[0.631578947368421, 0.9206349206349206, 0.47058823529411764, 0.88, 0.5161290322580645, 0.6428571428571429]"
vgg19_cbam,224,10,0.532043512043512,0.7666328361903583,0.7389380530973452,0.5295379148353977,0.5954948646125117,"[0.5833333333333334, 0.9166666666666666, 0.1111111111111111, 0.924812030075188, 0.25, 0.391304347826087]","[0.3888888888888889, 0.7857142857142857, 0.25, 0.803921568627451, 0.4444444444444444, 0.9]","[0.4666666666666667, 0.8461538461538461, 0.15384615384615385, 0.8601398601398601, 0.32, 0.5454545454545454]"
vgg19_cbam,224,11,0.5786444364980035,0.759870818699586,0.7268722466960352,0.5555278055278056,0.6609292628122029,"[0.39285714285714285, 0.8461538461538461, 0.5714285714285714, 0.9583333333333334, 0.2727272727272727, 0.2916666666666667]","[0.5789473684210527, 0.7586206896551724, 0.5714285714285714, 0.756578947368421, 0.6, 0.7]","[0.46808510638297873, 0.8, 0.5714285714285714, 0.8455882352941176, 0.375, 0.4117647058823529]"
vgg19_cbam,224,12,0.6918287823420313,0.8332250519121945,0.8193832599118943,0.6435748891631244,0.7808168213113768,"[0.6666666666666666, 0.9333333333333333, 0.46153846153846156, 0.946969696969697, 0.35294117647058826, 0.5]","[0.7368421052631579, 0.9655172413793104, 0.8571428571428571, 0.8223684210526315, 0.6666666666666666, 0.6363636363636364]","[0.7, 0.9491525423728814, 0.6, 0.8802816901408451, 0.46153846153846156, 0.56]"
vgg19_cbam,224,13,0.6587940689422503,0.7805339663844101,0.7522123893805309,0.6158862125528791,0.8160571447776529,"[0.6153846153846154, 0.9629629629629629, 0.5, 0.9636363636363636, 0.32, 0.3333333333333333]","[0.8421052631578947, 0.896551724137931, 0.5714285714285714, 0.6973684210526315, 0.8888888888888888, 1.0]","[0.7111111111111111, 0.9285714285714286, 0.5333333333333333, 0.8091603053435115, 0.47058823529411764, 0.5]"
vgg19_cbam,224,14,0.7545169229379756,0.8783214314187765,0.8761061946902655,0.7494823970701163,0.7628198849614458,"[0.8333333333333334, 0.9629629629629629, 0.625, 0.9210526315789473, 0.45454545454545453, 0.7]","[0.7894736842105263, 0.896551724137931, 0.7142857142857143, 0.9210526315789473, 0.5555555555555556, 0.7]","[0.8108108108108109, 0.9285714285714286, 0.6666666666666666, 0.9210526315789473, 0.5, 0.7]"
vgg19_cbam,224,15,0.5967770392811006,0.7917947069075495,0.7743362831858407,0.7067884794943619,0.7078703703703705,"[0.8333333333333334, 0.8235294117647058, 1.0, 0.952, 0.2857142857142857, 0.34615384615384615]","[0.5555555555555556, 1.0, 0.125, 0.7777777777777778, 0.8888888888888888, 0.9]","[0.6666666666666666, 0.9032258064516129, 0.2222222222222222, 0.8561151079136691, 0.43243243243243246, 0.5]"
efficientnetb5_cbam,192,1,0.703501797732188,0.8639533719220001,0.8634361233480177,0.6909736452373642,0.7283413274565724,"[0.7058823529411765, 0.8666666666666667, 0.5555555555555556, 0.9463087248322147, 0.5, 0.5714285714285714]","[0.631578947368421, 0.896551724137931, 0.7142857142857143, 0.9276315789473685, 0.4, 0.8]","[0.6666666666666666, 0.8813559322033898, 0.625, 0.9368770764119602, 0.4444444444444444, 0.6666666666666666]"
efficientnetb5_cbam,192,2,0.7431887253658634,0.8824619880860908,0.8810572687224669,0.7457649445092368,0.7563581432683066,"[0.7037037037037037, 0.9642857142857143, 0.8, 0.952054794520548, 0.6, 0.45454545454545453]","[1.0, 0.9310344827586207, 0.5714285714285714, 0.9144736842105263, 0.6666666666666666, 0.45454545454545453]","[0.8260869565217391, 0.9473684210526315, 0.6666666666666666, 0.9328859060402684, 0.631578947368421, 0.45454545454545453]"
efficientnetb5_cbam,192,3,0.7146983589336378,0.8653869899931639,0.8628318584070797,0.728199600338557,0.7357522157885135,"[0.6842105263157895, 0.9629629629629629, 0.46153846153846156, 0.9271523178807947, 0.5, 0.8333333333333334]","[0.6842105263157895, 0.896551724137931, 0.8571428571428571, 0.9210526315789473, 0.5555555555555556, 0.5]","[0.6842105263157895, 0.9285714285714286, 0.6, 0.9240924092409241, 0.5263157894736842, 0.625]"
efficientnetb5_cbam,192,4,0.7699705518895309,0.893747822050504,0.8849557522123894,0.7302071492848347,0.8370544416597049,"[0.9411764705882353, 0.90625, 0.5555555555555556, 0.9782608695652174, 0.5, 0.5]","[0.8421052631578947, 1.0, 0.7142857142857143, 0.8881578947368421, 0.7777777777777778, 0.8]","[0.8888888888888888, 0.9508196721311475, 0.625, 0.9310344827586207, 0.6086956521739131, 0.6153846153846154]"
efficientnetb5_cbam,192,5,0.7882567495725389,0.903685360636921,0.8982300884955752,0.7609551771076273,0.8333605664488016,"[0.8421052631578947, 0.9655172413793104, 0.7142857142857143, 0.972027972027972, 0.5384615384615384, 0.5333333333333333]","[0.8888888888888888, 1.0, 0.625, 0.9084967320261438, 0.7777777777777778, 0.8]","[0.8648648648648649, 0.9824561403508771, 0.6666666666666666, 0.9391891891891891, 0.6363636363636364, 0.64]"
efficientnetb5_cbam,192,6,0.8256836907032771,0.9179754815158124,0.9118942731277533,0.8371358660832345,0.855545112781955,"[0.9473684210526315, 0.9666666666666667, 1.0, 0.972027972027972, 0.6923076923076923, 0.4444444444444444]","[0.9473684210526315, 1.0, 0.5714285714285714, 0.9144736842105263, 0.9, 0.8]","[0.9473684210526315, 0.9830508474576272, 0.7272727272727273, 0.9423728813559322, 0.782608695652174, 0.5714285714285714]"
efficientnetb5_cbam,192,7,0.7511443261443261,0.8882890098749129,0.8810572687224669,0.7302370509607351,0.7901922932549067,"[0.7619047619047619, 1.0, 0.625, 0.9652777777777778, 0.5555555555555556, 0.47368421052631576]","[0.8421052631578947, 0.896551724137931, 0.7142857142857143, 0.9144736842105263, 0.5555555555555556, 0.8181818181818182]","[0.8, 0.9454545454545454, 0.6666666666666666, 0.9391891891891891, 0.5555555555555556, 0.6]"
efficientnetb5_cbam,192,8,0.7357810464638437,0.8823650660726006,0.8805309734513275,0.7291154345978909,0.7564602358386386,"[0.8, 0.9629629629629629, 0.5, 0.9407894736842105, 0.5555555555555556, 0.6153846153846154]","[0.631578947368421, 0.896551724137931, 0.7142857142857143, 0.9407894736842105, 0.5555555555555556, 0.8]","[0.7058823529411765, 0.9285714285714286, 0.5882352941176471, 0.9407894736842105, 0.5555555555555556, 0.6956521739130435]"
efficientnetb5_cbam,192,9,0.805614244547402,0.9159938209251035,0.915929203539823,0.8102147823510054,0.8024364071097284,"[0.8421052631578947, 0.9642857142857143, 0.7142857142857143, 0.954248366013072, 0.75, 0.6363636363636364]","[0.8421052631578947, 0.9310344827586207, 0.7142857142857143, 0.9605263157894737, 0.6666666666666666, 0.7]","[0.8421052631578947, 0.9473684210526315, 0.7142857142857143, 0.9573770491803278, 0.7058823529411765, 0.6666666666666666]"
efficientnetb5_cbam,192,10,0.8062101086769019,0.914316987272941,0.915929203539823,0.8258582437457173,0.7927637721755368,"[0.8, 0.9259259259259259, 0.8571428571428571, 0.9554140127388535, 0.75, 0.6666666666666666]","[0.6666666666666666, 0.8928571428571429, 0.75, 0.9803921568627451, 0.6666666666666666, 0.8]","[0.7272727272727273, 0.9090909090909091, 0.8, 0.967741935483871, 0.7058823529411765, 0.7272727272727273]"
efficientnetb5_cbam,192,11,0.7426394883078052,0.887513797974172,0.8854625550660793,0.7359377518483479,0.7631190044075707,"[0.75, 0.96, 0.5555555555555556, 0.9536423841059603, 0.625, 0.5714285714285714]","[0.7894736842105263, 0.8275862068965517, 0.7142857142857143, 0.9473684210526315, 0.5, 0.8]","[0.7692307692307693, 0.8888888888888888, 0.625, 0.9504950495049505, 0.5555555555555556, 0.6666666666666666]"
efficientnetb5_cbam,192,12,0.8060553923554244,0.9093410597395113,0.9074889867841409,0.7826528551138848,0.8451189908767042,"[0.7727272727272727, 0.9655172413793104, 0.6363636363636364, 0.9657534246575342, 0.5555555555555556, 0.8]","[0.8947368421052632, 0.9655172413793104, 1.0, 0.9276315789473685, 0.5555555555555556, 0.7272727272727273]","[0.8292682926829268, 0.9655172413793104, 0.7777777777777778, 0.9463087248322147, 0.5555555555555556, 0.7619047619047619]"
efficientnetb5_cbam,192,13,0.7577505875867675,0.8910226128207788,0.8893805309734514,0.7500138026224983,0.769593764103746,"[0.7391304347826086, 1.0, 0.7142857142857143, 0.9466666666666667, 0.7, 0.4]","[0.8947368421052632, 0.896551724137931, 0.7142857142857143, 0.9342105263157895, 0.7777777777777778, 0.4]","[0.8095238095238095, 0.9454545454545454, 0.7142857142857143, 0.9403973509933775, 0.7368421052631579, 0.4]"
efficientnetb5_cbam,192,14,0.7482735938978289,0.8830354045134539,0.8805309734513275,0.7310960099727319,0.771059233332373,"[0.7894736842105263, 0.9285714285714286, 0.6666666666666666, 0.9463087248322147, 0.5555555555555556, 0.5]","[0.7894736842105263, 0.896551724137931, 0.8571428571428571, 0.9276315789473685, 0.5555555555555556, 0.6]","[0.7894736842105263, 0.9122807017543859, 0.75, 0.9368770764119602, 0.5555555555555556, 0.5454545454545454]"
efficientnetb5_cbam,192,15,0.7453244589107838,0.8822850779645569,0.8761061946902655,0.7405047813308769,0.7655345471521943,"[0.8666666666666667, 1.0, 0.625, 0.9395973154362416, 0.6, 0.4117647058823529]","[0.7222222222222222, 0.9642857142857143, 0.625, 0.9150326797385621, 0.6666666666666666, 0.7]","[0.7878787878787878, 0.9818181818181818, 0.625, 0.9271523178807947, 0.631578947368421, 0.5185185185185185]"
efficientnetb5_cbam,224,1,0.7226057432357397,0.8595502252834997,0.8502202643171806,0.6785989725519048,0.8098262898625875,"[0.7777777777777778, 0.896551724137931, 0.46153846153846156, 0.9635036496350365, 0.4166666666666667, 0.5555555555555556]","[0.7368421052631579, 0.896551724137931, 0.8571428571428571, 0.868421052631579, 0.5, 1.0]","[0.7567567567567568, 0.896551724137931, 0.6, 0.9134948096885813, 0.45454545454545453, 0.7142857142857143]"
efficientnetb5_cbam,224,2,0.7703746851922765,0.8927541114670017,0.8898678414096917,0.7780970625798213,0.7836363701835573,"[0.6666666666666666, 0.9655172413793104, 0.8, 0.9586206896551724, 0.5, 0.7777777777777778]","[0.9473684210526315, 0.9655172413793104, 0.5714285714285714, 0.9144736842105263, 0.6666666666666666, 0.6363636363636364]","[0.782608695652174, 0.9655172413793104, 0.6666666666666666, 0.936026936026936, 0.5714285714285714, 0.7]"
efficientnetb5_cbam,224,3,0.7656700793684289,0.8857885220356922,0.8849557522123894,0.7736594436797849,0.7874998799681195,"[0.7368421052631579, 0.9655172413793104, 0.6666666666666666, 0.9395973154362416, 0.8, 0.5333333333333333]","[0.7368421052631579, 0.9655172413793104, 0.8571428571428571, 0.9210526315789473, 0.4444444444444444, 0.8]","[0.7368421052631579, 0.9655172413793104, 0.75, 0.9302325581395349, 0.5714285714285714, 0.64]"
efficientnetb5_cbam,224,4,0.8009494847069414,0.9019414775536392,0.8893805309734514,0.7663253575534278,0.8850874792344848,"[0.8947368421052632, 0.9642857142857143, 0.7142857142857143, 0.9925925925925926, 0.6153846153846154, 0.4166666666666667]","[0.8947368421052632, 0.9310344827586207, 0.7142857142857143, 0.881578947368421, 0.8888888888888888, 1.0]","[0.8947368421052632, 0.9473684210526315, 0.7142857142857143, 0.9337979094076655, 0.7272727272727273, 0.5882352941176471]"
efficientnetb5_cbam,224,5,0.8410106023009248,0.937973445338561,0.9380530973451328,0.8834780930322332,0.8175653594771242,"[1.0, 1.0, 1.0, 0.9554140127388535, 0.5454545454545454, 0.8]","[0.8333333333333334, 1.0, 0.625, 0.9803921568627451, 0.6666666666666666, 0.8]","[0.9090909090909091, 1.0, 0.7692307692307693, 0.967741935483871, 0.6, 0.8]"
efficientnetb5_cbam,224,6,0.7512107141238108,0.8962307310981411,0.8986784140969163,0.7528537830551253,0.7690022469968024,"[0.7307692307692307, 1.0, 0.5555555555555556, 0.9530201342281879, 0.7777777777777778, 0.5]","[1.0, 0.9655172413793104, 0.7142857142857143, 0.9342105263157895, 0.7, 0.3]","[0.8444444444444444, 0.9824561403508771, 0.625, 0.9435215946843853, 0.7368421052631579, 0.375]"
efficientnetb5_cbam,224,7,0.8339249935741164,0.9248331652690568,0.920704845814978,0.8106355448006992,0.877607092443753,"[0.8888888888888888, 1.0, 0.75, 0.9793103448275862, 0.6666666666666666, 0.5789473684210527]","[0.8421052631578947, 0.9655172413793104, 0.8571428571428571, 0.9342105263157895, 0.6666666666666666, 1.0]","[0.8648648648648649, 0.9824561403508771, 0.8, 0.9562289562289562, 0.6666666666666666, 0.7333333333333333]"
efficientnetb5_cbam,224,8,0.7324071021364033,0.8986830101922211,0.8982300884955752,0.7461626064567243,0.7423066766533192,"[0.7727272727272727, 1.0, 0.4166666666666667, 0.954248366013072, 0.3333333333333333, 1.0]","[0.8947368421052632, 0.8620689655172413, 0.7142857142857143, 0.9605263157894737, 0.2222222222222222, 0.8]","[0.8292682926829268, 0.9259259259259259, 0.5263157894736842, 0.9573770491803278, 0.26666666666666666, 0.8888888888888888]"
efficientnetb5_cbam,224,9,0.7579409726868236,0.9032053115678527,0.9026548672566371,0.7605625583566761,0.7615040954877615,"[0.7619047619047619, 1.0, 0.5555555555555556, 0.954248366013072, 0.625, 0.6666666666666666]","[0.8421052631578947, 0.896551724137931, 0.7142857142857143, 0.9605263157894737, 0.5555555555555556, 0.6]","[0.8, 0.9454545454545454, 0.625, 0.9573770491803278, 0.5882352941176471, 0.631578947368421]"
efficientnetb5_cbam,224,10,0.7945756928634039,0.896652096235131,0.8938053097345132,0.7874545053711719,0.8159274821039526,"[0.8125, 0.9629629629629629, 0.8571428571428571, 0.9466666666666667, 0.5454545454545454, 0.6]","[0.7222222222222222, 0.9285714285714286, 0.75, 0.9281045751633987, 0.6666666666666666, 0.9]","[0.7647058823529411, 0.9454545454545454, 0.8, 0.9372937293729373, 0.6, 0.72]"
efficientnetb5_cbam,224,11,0.7680035801698654,0.9050382112912986,0.8986784140969163,0.7424428943712065,0.8036059977530031,"[0.8421052631578947, 0.9642857142857143, 0.625, 0.9793103448275862, 0.42857142857142855, 0.6153846153846154]","[0.8421052631578947, 0.9310344827586207, 0.7142857142857143, 0.9342105263157895, 0.6, 0.8]","[0.8421052631578947, 0.9473684210526315, 0.6666666666666666, 0.9562289562289562, 0.5, 0.6956521739130435]"
efficientnetb5_cbam,224,12,0.7690323355070192,0.8936631351923777,0.8942731277533039,0.7908730158730158,0.7919478686266346,"[0.6428571428571429, 1.0, 0.6, 0.9523809523809523, 0.75, 0.8]","[0.9473684210526315, 0.9655172413793104, 0.8571428571428571, 0.9210526315789473, 0.3333333333333333, 0.7272727272727273]","[0.7659574468085106, 0.9824561403508771, 0.7058823529411765, 0.9364548494983278, 0.46153846153846156, 0.7619047619047619]"
efficientnetb5_cbam,224,13,0.7230233463137967,0.8813199789926244,0.8805309734513275,0.7560883069906424,0.7023875541343781,"[0.9333333333333333, 0.9629629629629629, 0.8, 0.9235668789808917, 0.5, 0.4166666666666667]","[0.7368421052631579, 0.896551724137931, 0.5714285714285714, 0.9539473684210527, 0.5555555555555556, 0.5]","[0.8235294117647058, 0.9285714285714286, 0.6666666666666666, 0.9385113268608414, 0.5263157894736842, 0.45454545454545453]"
efficientnetb5_cbam,224,14,0.7157662863973543,0.8786524010662682,0.8849557522123894,0.7576268702595667,0.723133744322492,"[0.7777777777777778, 0.9259259259259259, 0.5454545454545454, 0.9299363057324841, 0.6666666666666666, 0.7]","[0.7368421052631579, 0.8620689655172413, 0.8571428571428571, 0.9605263157894737, 0.2222222222222222, 0.7]","[0.7567567567567568, 0.8928571428571429, 0.6666666666666666, 0.9449838187702265, 0.3333333333333333, 0.7]"
efficientnetb5_cbam,224,15,0.781071348087475,0.9033470397382063,0.9026548672566371,0.7905404675481807,0.7906590413943356,"[0.9285714285714286, 0.9655172413793104, 0.7142857142857143, 0.9473684210526315, 0.625, 0.5625]","[0.7222222222222222, 1.0, 0.625, 0.9411764705882353, 0.5555555555555556, 0.9]","[0.8125, 0.9824561403508771, 0.6666666666666666, 0.9442622950819672, 0.5882352941176471, 0.6923076923076923]"
